feature,observed_r,observed_p,loo_min,loo_max,loo_median
rho_100_std,-0.12571391268563972,0.011856040037178056,-0.13713329810942124,-0.08994305790469978,-0.12559579816049532
abs_full_grad,0.14023015198947725,0.004958431782906241,0.09600797394263223,0.16305898610339592,0.14007503437214425
best_window_abs_grad,0.1597340899449175,0.0013492724610840356,0.09838997039109745,0.19912533240674013,0.15959379867764106
multiscale_var,0.1490427776767258,0.0028059440909221174,0.11359379142804066,0.16274626266148753,0.14885721254854561
neighbor_log_rho_std,0.14436199838223593,0.003992162972501867,0.1140648859883515,0.15576273576355198,0.1441670631834524
abs_own_minus_neighbor,0.17404481470920233,0.0005031222060475073,0.14154920973157378,0.1856034209353773,0.17387345663130419
neighbor_high_low_pairs,0.03130295199828363,0.5324615868370935,0.011025374629022177,0.04290221032587431,0.03114304748482835
corridor_betweenness,-0.0901782293188171,0.07160954095535307,-0.11244959900263647,-0.07811266396819995,-0.09028361415473932
graph_neck_score,0.0450258223542946,0.37152340936063943,0.02345813724411338,0.05504908934638498,0.04489058407969475
