feature,observed_r_vs_abs_resid,observed_p,loo_r_min,loo_r_max,loo_r_median,loo_r_std
rho_100_std,-0.22379182713038442,0.005905979217029102,-0.24726695472881818,-0.13769409120424425,-0.22350404486111708,0.00915640449791358
abs_full_grad,0.22663465361497143,0.005289397192861207,0.14641140055895877,0.24817786292872898,0.22622669962801523,0.008930508131553787
best_window_abs_grad,0.22088339917612826,0.0066023713498931415,0.13613097024401832,0.24279921768177185,0.22046840641083132,0.00903672988334247
multiscale_var,0.19549486446772607,0.01650899471573213,0.1518009483441194,0.220508003903788,0.19499448608120834,0.0070571712183081295
neighbor_log_rho_std,0.2803534472422375,0.0006367850535590865,0.2329543434029101,0.30968141645082,0.2797843107811238,0.008126914475153874
abs_own_minus_neighbor,0.26195820164867656,0.0014582611364786545,0.19120464707185408,0.28991210030859005,0.2613955561461726,0.008134848755341735
neighbor_high_low_pairs,0.2762533149172279,0.0006217720299580521,0.17135958388548514,0.3021893272327535,0.27569334420263303,0.010140847842126606
corridor_betweenness,-0.029674162380501547,0.7184942634800088,-0.16056972077353437,0.015593458258057722,-0.03005877579386914,0.01236609155040449
graph_neck_score,0.26728010629374355,0.0011542202834581238,0.201257247652401,0.29475148609689816,0.26728010629374355,0.008854241964500844
