feature,observed_r,boot_mean,ci2_5,ci97_5,n_boot
rho_100_std,-0.12571391268563972,-0.1245030221501139,-0.2579859914451936,0.0014604664654735723,2000
abs_full_grad,0.14023015198947725,0.14094456749011858,0.005808442161757293,0.2861405126021918,2000
best_window_abs_grad,0.1597340899449175,0.15741057269202138,-0.0013966654884237804,0.3081243429292707,2000
multiscale_var,0.1490427776767258,0.14830935668450462,0.020356457603352522,0.28171549589930917,2000
neighbor_log_rho_std,0.14436199838223593,0.14456257488424495,0.02472659097072606,0.2588545932354326,2000
abs_own_minus_neighbor,0.17404481470920233,0.17364877040262,0.05380182912363715,0.2980183670639707,2000
neighbor_high_low_pairs,0.03130295199828363,0.029991922712271676,-0.04483109629308376,0.11411477507082629,2000
corridor_betweenness,-0.0901782293188171,-0.090646632542049,-0.16420901211203986,-0.0082618238923394,2000
graph_neck_score,0.0450258223542946,0.04464296767594461,-0.046058674138913645,0.13612111240050648,2000
