CID,RA,DEC,zCMB,MU_SH0ES,MU_SH0ES_ERR_DIAG,mu_model,resid_mu,resid_mu_err,n_05deg,n_10deg,n_20deg,n_025cdeg,n_300cdeg,n_500cdeg
000137,161.159,57.8111,0.11878,38.5629,0.212381,38.60345455023139,-0.0405545502313913,0.212381,47060,184648,737925,11947,1666617,4506377
03D1bp,36.6572,-4.8388,0.34594,41.3318,0.136683,41.19032803835758,0.1414719616424236,0.136683,104589,417035,1718353,26522,3788989,10498798
040137,214.46,52.801,0.44756,41.8552,0.223954,41.84484757534799,0.0103524246520123,0.223954,45124,179770,715443,10582,1634386,4585988
040150,162.098,57.1482,0.38174,41.5615,0.198898,41.4391329145036,0.1223670854963998,0.198898,48054,186818,751473,11734,1675293,4539443
040201,184.46,47.4468,0.27987,40.5664,0.153331,40.6611242016092,-0.0947242016091962,0.153331,51348,194083,772326,13286,1681891,4580970
040780,243.62,54.7258,0.23066,40.0717,0.296847,40.185724173516704,-0.1140241735167038,0.296847,53323,210719,820965,13745,1830210,5059653
040782,242.077,54.9081,0.33739,41.0098,0.23724,41.127391564297135,-0.1175915642971361,0.23724,49703,200593,807879,11969,1806416,5014587
04D3ez,214.783,53.072,0.26348,40.3997,0.177345,40.51201101823731,-0.1123110182373068,0.177345,43429,176993,717161,11119,1643900,4601491
04D4id,334.089,-17.229,0.76707,43.5587,0.25715,43.24905982367798,0.30964017632202,0.25715,0,0,0,0,91370,1296262
04D4ju,334.261,-17.3328,0.47039,42.2151,0.404516,41.97267093004389,0.2424290699561098,0.404516,0,0,0,0,62451,1216606
050003,242.219,55.0048,0.42689,41.813,0.229539,41.72376753210033,0.0892324678996701,0.229539,50444,200366,806756,12093,1808583,5017991
050005,211.812,53.9976,0.52851,42.0855,0.188829,42.27362253528853,-0.1881225352885209,0.188829,48881,195292,754197,12098,1643957,4552754
050201,241.703,54.9809,0.55011,42.3253,0.19588,42.377604486296505,-0.0523044862965065,0.19588,50409,197924,801056,12930,1798329,5001012
050203,242.793,55.1223,0.57609,42.4887,0.202103,42.49769496432906,-0.0089949643290623,0.202103,50374,204341,806311,12797,1818304,5034409
050301,244.724,55.7829,0.34704,41.1174,0.244272,41.19832050921708,-0.0809205092170799,0.244272,51565,204832,812252,12899,1832890,5076589
050303,241.437,56.0744,0.32829,41.3079,0.308428,41.05876672249343,0.2491332775065657,0.308428,44772,190227,775943,10965,1800400,4969306
05D1ke,36.6929,-4.8625,0.68867,42.8137,0.226508,42.96498658679509,-0.151286586795095,0.226508,104564,418113,1719492,26935,3786268,10495316
05D2ac,149.747,2.4895,0.48071,41.9748,0.139221,42.02856228366798,-0.0537622836679787,0.139221,67448,265716,1010754,17004,2267851,6342880
05D2bt,150.418,2.5662,0.68195,42.8376,0.239367,42.93921201426994,-0.1016120142699392,0.239367,71237,264931,1002973,17867,2269500,6307708
05D3lr,215.551,53.1843,0.6006,42.6116,0.278838,42.60639158042777,0.0052084195722343,0.278838,43589,174153,712207,10973,1648963,4614629
05D4bj,333.749,-18.1334,0.69916,42.9402,0.338462,43.00474388561084,-0.0645438856108384,0.338462,0,0,0,0,0,670958
05D4ev,333.377,-17.7008,0.72013,43.1612,0.243162,43.08253563256257,0.0786643674374332,0.243162,0,0,0,0,8839,956380
06D3et,215.52,52.3384,0.57661,42.4263,0.166843,42.50004607837036,-0.0737460783703625,0.166843,44125,176180,707132,11130,1633092,4600417
090201,353.328,-0.9507,0.50817,42.0193,0.184312,42.171990754748165,-0.1526907547481641,0.184312,116275,455610,1655658,27283,3400653,8408488
091869,351.908,-1.7625,0.28843,40.7458,0.165419,40.73582531589023,0.0099746841097712,0.165419,91728,343589,1436071,24436,3191476,8288916
100101,132.141,43.9852,0.42967,41.9219,0.19807,41.74036552575,0.1815344742500002,0.19807,46417,181032,737473,11738,1715913,4803769
10550,349.675,-1.2049,0.29923,41.0113,0.341681,40.82720813664015,0.1840918633598463,0.341681,121286,442575,1551366,31803,3346995,8389234
110716,128.986,43.4945,0.31577,41.2033,0.233304,40.961422221859536,0.2418777781404628,0.233304,48755,193978,757194,12518,1708947,4826453
1279500,36.9257,-4.3149,0.23471,40.2784,0.167703,40.22822806175505,0.0501719382449508,0.167703,103173,420967,1685693,25878,3793178,10559202
12860,323.694,1.1759,0.12042,38.7926,0.252257,38.63546571537832,0.1571342846216765,0.252257,125633,479079,1792735,32501,3945143,9915645
12927,41.7861,0.7751,0.18892,39.4384,0.149571,39.70217550463772,-0.2637755046377137,0.149571,99969,411541,1651741,25574,3665995,9653800
12950,351.667,-0.8403,0.08141,37.7215,0.219648,37.73073694675067,-0.0092369467506685,0.219648,108642,418215,1632292,26648,3480633,8399377
1306073,36.8506,-3.7494,0.32859,41.1,0.144172,41.06105693336829,0.0389430666317096,0.144172,106907,421258,1669727,26567,3792902,10605265
13070,357.785,-0.7463,0.19719,39.8018,0.14158,39.80536358045043,-0.0035635804504323,0.14158,105407,405999,1601984,27532,3433904,8918649
1308582,37.1372,-4.3728,0.36705,41.2088,0.151911,41.33976533829163,-0.1309653382916309,0.151911,101730,419068,1685495,24620,3783205,10552420
1316437,42.5626,-0.745,0.47196,42.0374,0.25691,41.9812471804617,0.0561528195382976,0.25691,96737,395677,1604488,23737,3596700,9498899
1317286,36.0079,-6.8106,0.28198,40.5986,0.166629,40.67973150869896,-0.0811315086989594,0.166629,105620,414794,1655507,26333,3734642,10354087
1332413,36.2749,-5.853,0.60873,42.6179,0.230751,42.641520609356,-0.0236206093560014,0.230751,98956,418228,1700963,22934,3786085,10425279
13370,27.1515,0.3282,0.19846,40.3246,0.238597,39.82085296030183,0.5037470396981689,0.238597,102085,421836,1697362,25026,3812559,10464683
1338266,34.905,-5.8691,0.64846,43.0397,0.272369,42.80703105560486,0.2326689443951437,0.272369,110462,423393,1670209,28672,3806922,10483233
1345582,33.7065,-4.6747,0.45878,41.9679,0.252185,41.90840846046906,0.0594915395309385,0.252185,109179,433721,1749463,27900,3893044,10672075
13727,317.588,0.9326,0.22534,40.1329,0.188923,40.12883086263482,0.0040691373651782,0.188923,125397,481958,1769767,31783,3869812,9950571
13830,351.562,-0.3823,0.32985,40.8444,0.209813,41.07065477922046,-0.2262547792204614,0.209813,110371,431731,1682885,28549,3552369,8441346
140152,162.393,57.6157,0.20864,39.8798,0.15965,39.94179308726686,-0.0619930872668561,0.15965,50033,188703,744502,12101,1678023,4521549
14157,51.1367,1.0224,0.21083,39.806,0.155718,39.96709439044967,-0.1610943904496693,0.155718,58137,238954,845344,14381,1732465,4468009
14437,332.081,-1.1964,0.14792,39.0382,0.157931,39.11880428243464,-0.0806042824346349,0.157931,92846,364123,1499533,22692,3334940,8824053
150254,183.211,47.1458,0.27508,40.5286,0.241865,40.61839770321263,-0.089797703212632,0.241865,46195,191316,770532,12637,1699106,4590520
15440,39.7207,0.0901,0.2613,40.447,0.207526,40.49153620841223,-0.0445362084122251,0.207526,100785,423668,1716929,25036,3850349,10355503
160039,184.975,48.1403,0.27085,40.4887,0.166124,40.58009150712589,-0.0913915071258912,0.166124,52757,201428,754651,12966,1664427,4559407
16093,350.362,1.1325,0.33439,41.1204,0.23572,41.10495892647402,0.0154410735259773,0.23572,104136,404077,1515549,25754,3305925,8428346
16350,323.639,-0.8858,0.23684,40.2279,0.210237,40.25031063580981,-0.0224106358098126,0.210237,138733,501605,1848352,35425,3973069,9869266
17220,9.7015,-0.1792,0.17769,39.3394,0.257355,39.55512407924062,-0.2157240792406227,0.257355,115306,460230,1822468,28622,4065003,10666808
17340,41.2121,0.3648,0.25625,40.3729,0.207312,40.44349349522032,-0.0705934952203151,0.207312,107470,431453,1684074,27530,3721870,9978146
18030,4.933,-0.4001,0.15518,39.3994,0.175858,39.23229835340023,0.1671016465997752,0.175858,106251,424520,1694322,26664,3808001,10532262
18617,345.762,0.8492,0.3257,41.1639,0.271274,41.03891379897301,0.1249862010269851,0.271274,118371,439843,1604762,30193,3371605,8391914
18650,328.447,0.0151,0.11243,38.6214,0.163201,38.47544638911949,0.145953610880511,0.163201,105418,424210,1727333,27131,3686540,9267800
18740,16.8553,1.0437,0.15317,39.0991,0.159928,39.20138166059132,-0.1022816605913234,0.159928,112390,456012,1882128,28514,4050115,10555161
18807,46.6409,0.7933,0.18714,39.7694,0.13671,39.67941821617536,0.0899817838246406,0.13671,61683,252999,1080847,15317,2536394,6913986
18927,46.6825,-0.754,0.21214,39.9374,0.243726,39.9821128492864,-0.0447128492864052,0.243726,64868,248684,1058807,17154,2561924,7500798
18940,10.349,0.412,0.21099,39.9552,0.163264,39.968933331946175,-0.0137333319461774,0.163264,120783,473941,1832192,31059,4051144,10653950
19027,328.884,-0.372,0.29114,40.484,0.219145,40.75904870471513,-0.2750487047151253,0.219145,105057,422568,1686511,26347,3622204,9176566
19207,333.464,-0.9203,0.25721,40.5776,0.249962,40.45269326914142,0.1249067308585765,0.249962,103771,404268,1573547,26431,3456495,8786626
19230,332.891,0.7648,0.22005,39.9228,0.242946,40.07101279796318,-0.1482127979631755,0.242946,123558,474672,1688744,29303,3515694,8747459
1990O,258.901,16.322,0.03093,35.4926,0.166476,35.55373979440757,-0.0611397944075662,0.166476,91038,357229,1449587,22168,3305076,9414358
19940,315.393,-0.2685,0.15591,38.9704,0.179204,39.243434278857805,-0.273034278857807,0.179204,85102,343044,1537893,20778,3551722,9881359
1996bl,9.0749,11.3946,0.03481,35.7348,0.155656,35.81636803549163,-0.0815680354916281,0.155656,52366,231233,911055,13303,2046328,5606378
2000dg,1.5575,8.8882,0.03725,36.0748,0.289284,35.967239448921376,0.1075605510786275,0.289284,52272,207841,882814,13322,2023140,5927582
2000dk,16.848,32.4064,0.01649,34.1436,0.28269,34.16527333072595,-0.0216733307259531,0.28269,58787,183050,587983,15567,1272515,3565581
2000dm,274.746,16.2482,0.01472,34.0109,0.270222,33.91589604458839,0.095003955411606,0.270222,0,0,0,0,37207,983452
2001br,277.607,34.1036,0.02046,34.8118,0.300223,34.639980330515435,0.171819669484563,0.300223,95140,386841,1538796,23724,2857665,6319316
2002de,244.127,35.7084,0.0305,35.3638,0.283742,35.52267142458615,-0.1588714245861524,0.283742,52807,207012,834489,13186,1893275,5417247
2002jy,20.3178,40.4987,0.0187,34.9988,0.187715,34.441879852468034,0.5569201475319687,0.187715,0,0,0,0,0,0
2003kc,146.643,30.6553,0.0341,35.8566,0.205773,35.770523081693135,0.0860769183068654,0.205773,60092,242724,979488,14447,2131151,5696538
20040,328.879,0.8151,0.28655,40.6389,0.217509,40.71959602270656,-0.0806960227065616,0.217509,121403,454886,1666283,29980,3576013,9126330
2004br,187.783,0.6132,0.02426,34.807,0.18246,35.01588403420042,-0.2088840342004161,0.18246,66809,253990,1022575,17169,2319387,6433872
2004gs,129.597,17.6277,0.02829,35.5996,0.235009,35.35589709211966,0.2437029078803405,0.235009,68368,251253,989375,18166,2219980,6319286
2004gu,191.603,11.9489,0.0467,36.4713,0.19409,36.47262618018118,-0.0013261801811808,0.19409,66695,253678,997251,16623,2235361,6449827
2005de,270.597,26.0521,0.01495,34.1793,0.26677,33.949928923674754,0.2293710763252434,0.26677,105826,445615,1698310,25027,3663654,9046921
2005kc,338.531,5.5684,0.01386,34.0187,0.307194,33.78380361956941,0.234896380430591,0.307194,64788,246982,997228,16695,2255865,6808551
2006ev,322.747,13.9892,0.02759,35.6739,0.216353,35.300398912812724,0.3735010871872788,0.216353,83787,338795,1365373,20771,3116254,8703455
2006qo,120.035,56.3688,0.02871,35.4779,0.275376,35.388552930960714,0.0893470690392845,0.275376,48207,187327,741972,12480,1698665,4811125
2008050,204.198,5.1418,0.04627,36.2636,0.218105,36.45188692693954,-0.1882869269395399,0.218105,64872,263087,1047776,16111,2345090,6641877
2008051,229.995,4.9046,0.03835,36.0125,0.17035,36.03212555178247,-0.0196255517824681,0.17035,70822,282136,1106937,17303,2516235,7053021
2008bf,181.012,20.2452,0.02451,35.1061,0.235556,35.038538686073416,0.067561313926582,0.235556,62884,247183,1003237,16069,2276252,6340881
2008gg,21.346,-18.1724,0.03107,35.67,0.236835,35.56376384482163,0.1062361551783723,0.236835,111406,453918,1805268,28006,4071176,11457930
2009D,58.5951,-19.1817,0.02476,35.008,0.162015,35.06096726178399,-0.0529672617839906,0.162015,110602,441740,1720974,27278,3880579,10766627
2009dc,237.801,25.7078,0.02179,34.3468,0.19901,34.77883449732403,-0.4320344973240253,0.19901,67659,265338,1043329,17577,2327341,6252415
2009na,161.756,26.5439,0.02209,34.7477,0.199095,34.80899916138554,-0.0612991613855413,0.199095,58918,232491,935020,14813,2091908,5918578
2010Y,162.766,65.7797,0.01142,33.7403,0.254135,33.35942260335601,0.3808773966439887,0.254135,44708,179711,728931,11125,1648474,4511131
2010ag,255.973,31.5017,0.03336,35.8159,0.198961,35.72173707667897,0.0941629233210292,0.198961,71588,274679,1080728,18415,2422791,6733916
2010kg,70.035,7.35,0.01595,33.9999,0.334729,34.09211606894792,-0.0922160689479199,0.334729,0,0,0,0,0,0
2013ex,83.1942,-14.0459,0.01096,33.4336,0.283424,33.26940885919768,0.1641911408023162,0.283424,0,0,0,0,0,847260
2013gq,124.473,23.4696,0.01457,33.7526,0.2163,33.893416011254246,-0.1408160112542447,0.2163,69502,283957,1064315,18398,2368838,6573936
2013gs,142.787,46.3848,0.01748,34.2221,0.320412,34.29344730935766,-0.0713473093576624,0.320412,46569,182279,723565,12541,1629234,4572478
2014bj,290.663,43.8908,0.04239,36.5106,0.426487,36.25580119942797,0.2547988005720327,0.426487,0,0,0,0,1777,1187087
2016hpw,317.283,-18.1039,0.02019,34.8165,0.241825,34.6107077262156,0.2057922737843966,0.241825,0,0,0,0,0,138747
20227,349.12,-0.0985,0.27574,40.6631,0.213576,40.624325462366414,0.0387745376335857,0.213576,113017,437431,1710319,30119,3493211,8488028
20430,312.417,0.4686,0.16593,39.4938,0.241887,39.39155911353368,0.1022408864663262,0.241887,93938,375838,1576478,22771,3620084,10205150
300105,351.71,-0.7301,0.09181,38.1602,0.266341,38.00666607780474,0.1535339221952654,0.266341,110388,422526,1647001,28108,3502166,8411578
310039,36.2156,-3.3448,0.17156,39.4603,0.214715,39.47116657015734,-0.01086657015734,0.214715,108983,434696,1685622,27601,3817544,10665982
350235,184.35,48.3462,0.26384,40.5588,0.167704,40.51537712415737,0.04342287584263,0.167704,50330,200516,757486,12337,1670157,4547963
360139,185.739,47.5675,0.38594,41.5217,0.152114,41.46689214696262,0.0548078530373814,0.152114,47911,198688,759451,11977,1665499,4583540
360156,150.807,1.8953,0.04673,36.5081,0.209562,36.47406617947381,0.03403382052619,0.209562,66027,255807,1019756,15454,2272428,6313469
420352,35.1822,-3.9625,0.38886,41.383,0.199578,41.4860269789141,-0.1030269789140945,0.199578,108984,440235,1730990,26221,3866288,10638082
430003,333.38,-0.4529,0.32843,40.934,0.295651,41.05983572799887,-0.1258357279988686,0.295651,107511,422556,1670329,27447,3530201,8815835
450339,36.2874,-3.3534,0.40927,41.7061,0.274957,41.61617084497699,0.0899291550230074,0.274957,107902,434789,1682680,27540,3814207,10660432
460003,128.835,43.8555,0.15067,39.1687,0.134119,39.16239469709275,0.0063053029072506,0.134119,48361,193587,750463,12148,1692022,4816024
460105,129.37,44.0453,0.21071,39.9632,0.223017,39.96571433587724,-0.0025143358772368,0.223017,48105,192274,753820,11827,1679673,4812186
490007,184.268,46.6275,0.05513,36.8676,0.194374,36.8456865921438,0.0219134078562035,0.194374,45628,188391,763767,11242,1686390,4607392
500301,215.548,52.6318,0.3255,41.2625,0.255286,41.0373746970852,0.2251253029148046,0.255286,43421,176646,708026,10710,1638861,4601197
510550,243.275,55.6117,0.24106,40.3291,0.130654,40.2935242729349,0.035575727065094,0.130654,50540,200173,803022,12386,1824956,5031065
520071,215.504,53.6193,0.41152,41.8131,0.149106,41.630147425508014,0.1829525744919848,0.149106,42958,172714,714805,10194,1658706,4616193
550137,334.754,0.0297,0.41931,41.4604,0.22264,41.67799547329698,-0.2175954732969813,0.22264,110283,450871,1745639,26612,3653095,8771887
550154,36.3556,-3.5962,0.21003,40.1479,0.148877,39.95788024910866,0.1900197508913379,0.148877,108457,434265,1678323,27254,3816116,10639081
560054,353.296,-0.3364,0.4798,41.8956,0.237796,42.02367916061191,-0.1280791606119038,0.237796,116552,465032,1731289,31262,3486730,8471200
560150,333.961,1.2276,0.19957,39.8965,0.17155,39.83431581805524,0.0621841819447652,0.17155,118861,448698,1640226,30057,3452903,8719779
560152,334.8,1.1602,0.24851,40.3657,0.261564,40.3681352973562,-0.0024352973562002,0.261564,113622,441944,1646818,28412,3469395,8672964
570056,37.0067,-3.495,0.28998,40.7298,0.234493,40.74913259073442,-0.0193325907344217,0.234493,108087,417245,1660811,28462,3772651,10618399
580235,150.235,2.5796,0.33154,41.0301,0.218692,41.08347504960542,-0.053375049605421,0.218692,72532,265171,1004411,18540,2265373,6315835
590005,151.018,1.2155,0.17137,39.5424,0.275502,39.46851993198311,0.0738800680168907,0.275502,61954,249280,1020318,15154,2273253,6307167
744,329.198,0.3175,0.12694,38.6849,0.280884,38.75879710381835,-0.0738971038183535,0.280884,110461,458415,1701786,27968,3598141,9108761
762,15.5353,-0.879,0.19009,39.8807,0.15799,39.71702574182423,0.1636742581757673,0.15799,115652,454367,1782384,28782,3936014,10747664
ASASSN-15fs,284.67,43.4689,0.0285,35.2391,0.185823,35.37228401351213,-0.1331840135121282,0.185823,96619,331300,1077904,24919,2214728,5295288
ASASSN-15nr,261.674,13.9098,0.02309,34.8331,0.263771,34.9067128201049,-0.0736128201048984,0.263771,110257,442626,1755480,26811,3746650,9902123
ASASSN-15tg,5.171,25.229,0.03445,35.861,0.1686,35.7932381069475,0.0677618930524985,0.1686,55500,238318,964014,13202,2182321,5940319
ASASSN-16aj,65.4509,-15.7554,0.03053,35.4654,0.177866,35.52485286570077,-0.05945286570077,0.177866,72556,278484,1211705,19744,2782531,7802840
ASASSN-16av,177.868,22.0261,0.02676,35.3467,0.289875,35.23277472695856,0.1139252730414384,0.289875,63201,254317,1010409,15990,2285602,6271106
ASASSN-16br,236.376,-13.1528,0.029,35.5064,0.190895,35.41082871127588,0.0955712887241162,0.190895,0,0,0,0,0,0
ASASSN-16ct,228.476,4.7573,0.04252,36.2457,0.207056,36.2626488099897,-0.0169488099896994,0.207056,63959,266090,1071238,15246,2500113,7021598
ASASSN-16fo,203.149,-5.2725,0.02994,35.4803,0.173804,35.48156064914126,-0.0012606491412583,0.173804,70646,263110,1076510,18304,2437477,6763348
AT2017lm,45.3849,-15.016,0.03002,35.5542,0.216273,35.48747951914553,0.066720480854471,0.216273,84986,357363,1525985,21216,3534814,10002642
AT2017po,240.965,39.9901,0.03201,35.576,0.196814,35.62994434254625,-0.0539443425462522,0.196814,50627,204256,818124,12506,1826025,5025251
ATLAS16bwu,18.5927,-13.1531,0.07074,37.3712,0.228257,37.41018140171683,-0.0389814017168248,0.228257,109113,423796,1547359,27165,3387032,9054386
ATLAS16cpu,227.956,46.251,0.01851,34.5716,0.239989,34.41940331720228,0.1521966827977152,0.239989,44986,178595,730668,11194,1674254,4736176
ATLAS17bas,166.898,22.8514,0.02331,34.5715,0.261746,34.9276501703622,-0.3561501703621985,0.261746,66184,251240,1019519,16728,2204309,6044031
Gaia16aki,239.794,14.6416,0.07398,37.5535,0.176502,37.51215778881543,0.0413422111845704,0.176502,66069,259786,1086397,17079,2437807,6729459
PS15ahs,269.874,43.3901,0.02522,35.1974,0.185937,35.10166023631452,0.0957397636854793,0.185937,66176,257944,1039246,16868,2354526,6618227
PS15asb,215.085,-9.3009,0.04952,36.4714,0.18553,36.60421277587589,-0.132812775875891,0.18553,3986,67852,397688,0,1034333,3358505
PS15bsq,355.467,-8.6379,0.03309,35.7797,0.159699,35.70367286331549,0.0760271366845088,0.159699,67938,263898,1019354,16454,2264823,6262801
PS15cku,21.0939,3.5876,0.02222,35.0537,0.229702,34.82194542409553,0.2317545759044676,0.229702,108741,414552,1627902,28865,3478963,9159650
PS16ayd,216.826,-1.6753,0.05485,36.8581,0.149593,36.83421035945601,0.0238896405439916,0.149593,72569,283016,1122043,18429,2534099,7023779
PS16dnp,344.915,2.1498,0.04998,36.8583,0.163226,36.62498532069562,0.2333146793043781,0.163226,83942,325128,1306211,20924,2933475,8132424
PS17bii,171.409,7.3336,0.07467,37.4501,0.192118,37.53332131387807,-0.0832213138780701,0.192118,59814,244083,962976,14669,2198321,6189703
PSNJ1602512,240.714,47.2248,0.02039,34.556,0.333904,34.63242787128218,-0.0764278712821848,0.333904,47787,197686,796771,9479,1768404,4941691
SCP05D0,35.4253,-3.3648,1.01236,44.1177,0.367085,43.98437482555363,0.1333251744463695,0.367085,107666,429131,1735799,26495,3854712,10698871
SN2016ajf,49.9771,41.565,0.01978,34.7627,0.339971,34.56551026667485,0.1971897333251533,0.339971,0,0,0,0,0,0
SN2016glp,354.058,23.696,0.08366,37.9686,0.221594,37.7931733593061,0.1754266406938995,0.221594,63292,251862,1019647,16317,2271126,6318895
SN2017jl,14.3829,30.1852,0.01529,33.7706,0.30219,33.99930114641883,-0.2287011464188282,0.30219,56464,235875,955664,13425,2043658,5040269
carter,150.061,2.1924,1.54295,45.0902,0.371014,45.10435113174808,-0.014151131748072,0.371014,72325,269801,1011069,19002,2256885,6348478
iPTF17dz,126.107,24.9978,0.09284,38.2226,0.493293,38.032352010055774,0.1902479899442255,0.493293,64374,255800,1027855,15949,2287373,6482560
