CID,RA,DEC,zCMB,MU_SH0ES,MU_SH0ES_ERR_DIAG,mu_model,resid_mu,resid_mu_err,n_05deg,n_10deg,n_20deg,n_025cdeg,n_300cdeg,n_500cdeg,log_rho_025,log_rho_050,log_rho_100,log_rho_200,log_rho_300,log_rho_500,rho_100_std,full_grad_logrho_logr,abs_full_grad,multiscale_var,grad_0.25-1.00deg,abs_grad_0.25-1.00deg,grad_0.50-2.00deg,abs_grad_0.50-2.00deg,grad_1.00-3.00deg,abs_grad_1.00-3.00deg,grad_2.00-5.00deg,abs_grad_2.00-5.00deg,best_window_abs_grad,graph_degree,neighbor_log_rho_mean,neighbor_log_rho_std,own_minus_neighbor,abs_own_minus_neighbor,neighbor_high_low_pairs,corridor_betweenness,graph_neck_score,abs_resid
000137,161.159,57.8111,0.11878,38.5629,0.212381,38.60345455023139,-0.0405545502313913,0.212381,47060,184648,737925,11947,1666617,4506377,4.784265323893882,4.7775712699028094,4.769197087299049,4.76880294847437,4.770443685898874,4.758737736653879,0.15596101178841157,-0.007118531188689762,0.007118531188689762,0.008676202130786974,-0.010869435105153527,0.010869435105153527,-0.006325006920864911,0.006325006920864911,0.0009512854334644785,0.0009512854334644785,-0.011492380916624188,0.011492380916624188,0.006325006920864911,2,4.78417989688403,0.007846995147098293,-0.014982809584981105,0.014982809584981105,0.0,0.0,-1.2883085192050732,0.0405545502313913
03D1bp,36.6572,-4.8388,0.34594,41.3318,0.136683,41.19032803835758,0.1414719616424236,0.136683,104589,417035,1718353,26522,3788989,10498798,5.130592755251041,5.1244002816313365,5.123023673710109,5.135902774174761,5.127131076941865,5.126049739846159,0.3923164394695799,7.565806420576424e-05,7.565806420576424e-05,0.004718509246070793,-0.005459938201593674,0.005459938201593674,0.008297294475130645,0.008297294475130645,0.005336924995433825,0.005336924995433825,-0.010385712875131264,0.010385712875131264,0.008297294475130645,6,5.130687714569036,0.010557906515492621,-0.007664040858927024,0.007664040858927024,0.0,0.0015181377202695791,-1.1144357707177586,0.1414719616424236
040137,214.46,52.801,0.44756,41.8552,0.223954,41.84484757534799,0.0103524246520123,0.223954,45124,179770,715443,10582,1634386,4585988,4.731578906088349,4.759327333547543,4.757569761556396,4.755365781840601,4.761962517103562,4.766343127325823,0.1481939822484088,0.008633050125013355,0.008633050125013355,0.012250596183788858,0.018748439146106462,0.018748439146106462,-0.002857655500915065,0.002857655500915065,0.003225502864233314,0.003225502864233314,0.0118353368975112,0.0118353368975112,0.002857655500915065,7,4.7688523479225795,0.029260361774997422,-0.011282586366183622,0.011282586366183622,0.0,0.0,-1.2664285316176298,0.0103524246520123
040150,162.098,57.1482,0.38174,41.5615,0.198898,41.4391329145036,0.1223670854963998,0.198898,48054,186818,751473,11734,1675293,4539443,4.776453203896402,4.7866487002208595,4.774271170375193,4.776704095149846,4.772698650954877,4.761912781508761,0.1593504887853675,-0.0050416646094359275,0.0050416646094359275,0.007968990138788115,-0.0015740044700510484,0.0015740044700510484,-0.007173516209775344,0.007173516209775344,-0.0008992755923328208,0.0008992755923328208,-0.01635414852018757,0.01635414852018757,0.007173516209775344,7,4.791379095876396,0.01589232135311391,-0.017107925501202992,0.017107925501202992,0.0,0.0,-1.280087876436308,0.1223670854963998
040201,184.46,47.4468,0.27987,40.5664,0.153331,40.6611242016092,-0.0947242016091962,0.153331,51348,194083,772326,13286,1681891,4580970,4.830397044966213,4.815442108948611,4.790839861570461,4.7885913537064,4.774405722699457,4.765867661101936,0.17041834022439234,-0.02132054863087592,0.02132054863087592,0.02448965433531148,-0.028534476158292837,0.028534476158292837,-0.01936872571603028,0.01936872571603028,-0.01369749346652746,0.01369749346652746,-0.024455632282959057,0.024455632282959057,0.01936872571603028,7,4.785901737965937,0.02024341592818857,0.004938123604524058,0.004938123604524058,0.0,0.0,-1.2756419666945682,0.0947242016091962
040780,243.62,54.7258,0.23066,40.0717,0.296847,40.185724173516704,-0.1140241735167038,0.296847,53323,210719,820965,13745,1830210,5059653,4.845146449534832,4.831832838384848,4.826555884923574,4.815115307326157,4.811108779101473,4.809030937641904,0.19427656993042264,-0.012210376470028081,0.012210376470028081,0.01399806219572904,-0.013410257685993783,0.013410257685993783,-0.012059149577140448,0.012059149577140448,-0.0143238122437803,0.0143238122437803,-0.006530757355950955,0.006530757355950955,0.012059149577140448,5,4.791321830933312,0.025547340676387913,0.035234053990262026,0.035234053990262026,0.0,0.0,-1.2702224635556205,0.1140241735167038
040782,242.077,54.9081,0.33739,41.0098,0.23724,41.127391564297135,-0.1175915642971361,0.23724,49703,200593,807879,11969,1806416,5014587,4.785064260368202,4.801301459238887,4.8051680659311335,4.808136992781992,4.805425629566263,4.805145375695792,0.17998955109331088,0.005858547862131814,0.005858547862131814,0.008439427274235634,0.014501830294318742,0.014501830294318742,0.0049307951722335226,0.0049307951722335226,0.0006704287921910618,0.0006704287921910618,-0.003149347470898218,0.003149347470898218,0.0049307951722335226,7,4.788857314698022,0.03286706491332278,0.016310751233111986,0.016310751233111986,0.0,0.0,-1.2627432344259526,0.1175915642971361
04D3ez,214.783,53.072,0.26348,40.3997,0.177345,40.51201101823731,-0.1123110182373068,0.177345,43429,176993,717161,11119,1643900,4601491,4.75307489720783,4.742699947996058,4.7508086715713,4.7564074056751755,4.764483277513199,4.7678087899472095,0.1436775881265672,0.006580224973150533,0.006580224973150533,0.009207511209475161,-0.0016347362436783168,0.0016347362436783168,0.009887840608429331,0.009887840608429331,0.011976603351102634,0.011976603351102634,0.012190541423235765,0.012190541423235765,0.009887840608429331,8,4.793788955404349,0.022782195755180968,-0.04298028383304864,0.04298028383304864,0.0,0.0,-1.2730478640451757,0.1123110182373068
04D4id,334.089,-17.229,0.76707,43.5587,0.25715,43.24905982367798,0.30964017632202,0.25715,0,0,0,0,91370,1296262,0.706970109961791,0.10491011863382857,-0.4971498726941338,-1.0992098640220962,3.5094159958931774,4.217603243517872,-3.361947861798997,1.142528255729642,1.142528255729642,2.1925906118407092,-0.8685889638065036,0.8685889638065036,-0.8685889638065035,0.8685889638065035,3.160692773743719,3.160692773743719,5.614638142724764,5.614638142724764,0.8685889638065035,2,-0.4971498726941338,0.0,0.0,0.0,0.0,0.0,-1.2963265090616305,0.30964017632202
04D4ju,334.261,-17.3328,0.47039,42.2151,0.404516,41.97267093004389,0.2424290699561098,0.404516,0,0,0,0,62451,1216606,0.706970109961791,0.10491011863382857,-0.4971498726941338,-1.0992098640220962,3.3441539689042465,4.190060429571047,-3.361947861798997,1.1138195303948593,1.1138195303948593,2.150025667132263,-0.8685889638065036,0.8685889638065036,-0.8685889638065035,0.8685889638065035,3.026463185234212,3.026463185234212,5.597329163021166,5.597329163021166,0.8685889638065035,3,1.3875345491855586,3.264369174929204,-1.8846844218796925,1.8846844218796925,2.0,0.0,3.3773420558119365,0.2424290699561098
050003,242.219,55.0048,0.42689,41.813,0.229539,41.72376753210033,0.0892324678996701,0.229539,50444,200366,806756,12093,1808583,5017991,4.789540074231714,4.807728245004146,4.804676323053774,4.8075328783193365,4.8059463023157365,4.80544008323326,0.17966106786861466,0.003922046649584399,0.003922046649584399,0.006930377446953494,0.010918495556623603,0.010918495556623603,-0.00014092727366468366,0.00014092727366468366,0.0014752786722907053,0.0014752786722907053,-0.0022289706783002947,0.0022289706783002947,0.00014092727366468366,7,4.787407311705225,0.028846939301611446,0.017269011348548524,0.017269011348548524,0.0,0.0,-1.2668509630242948,0.0892324678996701
050005,211.812,53.9976,0.52851,42.0855,0.188829,42.27362253528853,-0.1881225352885209,0.188829,48881,195292,754197,12098,1643957,4552754,4.789719586689072,4.794059085328115,4.7935368042042885,4.778275512376708,4.764498335814343,4.763184398634319,0.1722198923240112,-0.010836131834235593,0.010836131834235593,0.014139497888403702,0.0027535403895984824,0.0027535403895984824,-0.011385441212252092,0.011385441212252092,-0.02595658388050109,0.02595658388050109,-0.015878467273707366,0.015878467273707366,0.011385441212252092,6,4.767150212154111,0.031176063488469487,0.02638659205017735,0.02638659205017735,0.0,0.0,-1.2644710846434861,0.1881225352885209
050201,241.703,54.9809,0.55011,42.3253,0.19588,42.377604486296505,-0.0523044862965065,0.19588,50409,197924,801056,12930,1798329,5001012,4.818602221670392,4.807426816071979,4.799350780917616,4.804453555813355,4.803477007170657,4.803968102119894,0.1761036167398201,-0.0040469265107292455,0.0040469265107292455,0.006598137325799796,-0.013886979051998306,0.013886979051998306,-0.002144753915194773,0.002144753915194773,0.004144143113545928,0.004144143113545928,-0.0004663559372570474,0.0004663559372570474,0.002144753915194773,5,4.780802734694076,0.032311743166433406,0.01854804622354056,0.01854804622354056,0.0,0.0,-1.2633106572483475,0.0523044862965065
050203,242.793,55.1223,0.57609,42.4887,0.202103,42.49769496432906,-0.0089949643290623,0.202103,50374,204341,806311,12797,1818304,5034409,4.8141122157948635,4.807125177782995,4.81320776703459,4.807293259246191,4.808274350826772,4.806858700026306,0.18536005479686407,-0.001854279374786402,0.001854279374786402,0.003286502225425276,-0.0006524218705924643,0.0006524218705924643,0.00012124514670953234,0.00012124514670953234,-0.004925865813420918,0.004925865813420918,-0.0005719944156146105,0.0005719944156146105,0.00012124514670953234,5,4.778031337470682,0.029290509003284105,0.035176429563907874,0.035176429563907874,0.0,0.0,-1.2663977274478713,0.0089949643290623
050301,244.724,55.7829,0.34704,41.1174,0.244272,41.19832050921708,-0.0809205092170799,0.244272,51565,204832,812252,12899,1832890,5076589,4.81755982026104,4.817273562910376,4.814250053063623,4.81048146003437,4.811744256584311,4.810482208584084,0.18605629970784449,-0.002707274536437629,0.002707274536437629,0.003239796450304994,-0.002387492361104867,0.002387492361104867,-0.00489946656821097,0.00489946656821097,-0.0026207248096422214,0.0026207248096422214,-0.0001043379992084585,0.0001043379992084585,0.00489946656821097,7,4.787559887964809,0.031861497054406246,0.026690165098814056,0.026690165098814056,0.0,0.0,-1.2637707147214967,0.0809205092170799
050303,241.437,56.0744,0.32829,41.3079,0.308428,41.05876672249343,0.2491332775065657,0.308428,44772,190227,775943,10965,1800400,4969306,4.747018351509253,4.755926313749797,4.782124569194881,4.790620515266283,4.803976863354023,4.801205946590349,0.1645965429488095,0.02035585593848964,0.02035585593848964,0.023702725156914184,0.025323783079711688,0.025323783079711688,0.025026576237717837,0.025026576237717837,0.019068796938977898,0.019068796938977898,0.01083014300765923,0.01083014300765923,0.025026576237717837,8,4.7869816713992135,0.034062399507348566,-0.004857102204332442,0.004857102204332442,0.0,0.0,-1.2615218521681038,0.2491332775065657
05D1ke,36.6929,-4.8625,0.68867,42.8137,0.226508,42.96498658679509,-0.151286586795095,0.226508,104564,418113,1719492,26935,3786268,10495316,5.1373032133418235,5.124296460426017,5.1241448368819995,5.136190548140844,5.126819083560231,5.12590567915793,0.39306537414879794,-0.0016885524022577955,0.0016885524022577955,0.006010023045641591,-0.00949176223236907,0.00949176223236907,0.008579770681039808,0.008579770681039808,0.004043413584717911,0.004043413584717911,-0.010822958399167686,0.010822958399167686,0.008579770681039808,3,5.129766708460003,0.005590360712277267,-0.005621871578003201,0.005621871578003201,0.0,4.534736078360239e-05,-1.285503422493198,0.151286586795095
05D2ac,149.747,2.4895,0.48071,41.9748,0.139221,42.02856228366798,-0.0537622836679787,0.139221,67448,265716,1010754,17004,2267851,6342880,4.937546746230532,4.933885633832244,4.927269467828349,4.905436034355655,4.904222326958403,4.907196682226131,0.2615530349417495,-0.012679348202238613,0.012679348202238613,0.0153311649807372,-0.0074134892923319795,0.0074134892923319795,-0.020522048040075767,0.020522048040075767,-0.022111288565735694,0.022111288565735694,0.0020874822727821544,0.0020874822727821544,0.020522048040075767,2,4.926181168422133,0.00027806703062116403,0.0010882994062164641,0.0010882994062164641,0.0,0.0,-1.2960423826426422,0.0537622836679787
05D2bt,150.418,2.5662,0.68195,42.8376,0.239367,42.93921201426994,-0.1016120142699392,0.239367,71237,264931,1002973,17867,2269500,6307708,4.959046053761592,4.957621836820367,4.925984545339157,4.902079810969524,4.904537996306672,4.904781768000682,0.26069470937737976,-0.022165261676965448,0.022165261676965448,0.026737077041150387,-0.023848837122678355,0.023848837122678355,-0.040065102627969064,0.040065102627969064,-0.02113303280037821,0.02113303280037821,0.002843636809204904,0.002843636809204904,0.040065102627969064,2,4.930582379919528,0.004685165210295481,-0.0045978345803714404,0.0045978345803714404,0.0,0.0,-1.2915392489157724,0.1016120142699392
05D3lr,215.551,53.1843,0.6006,42.6116,0.278838,42.60639158042777,0.0052084195722343,0.278838,43589,174153,712207,10973,1648963,4614629,4.747335065821852,4.744296987651513,4.743783581167463,4.753396983631699,4.765818792145375,4.769047003757377,0.1389848422712042,0.00826753978304513,0.00826753978304513,0.011039814965350298,-0.0025618546493397583,0.0025618546493397583,0.006564259536362134,0.006564259536362134,0.019390965616960174,0.019390965616960174,0.016621926700150894,0.016621926700150894,0.006564259536362134,5,4.782494862344632,0.027862670441008,-0.03871128117716882,0.03871128117716882,0.0,0.0,-1.2678566801927782,0.0052084195722343
05D4bj,333.749,-18.1334,0.69916,42.9402,0.338462,43.00474388561084,-0.0645438856108384,0.338462,0,0,0,0,0,670958,0.706970109961791,0.10491011863382857,-0.4971498726941338,-1.0992098640220962,-1.4513923821334587,3.931606101369466,-3.361947861798997,0.39833862816355997,0.39833862816355997,1.9519757762108902,-0.8685889638065036,0.8685889638065036,-0.8685889638065035,0.8685889638065035,-0.8685889638065037,0.8685889638065037,5.705174231487387,5.705174231487387,0.8685889638065035,3,-0.49714987269413385,6.798699777552591e-17,5.551115123125783e-17,5.551115123125783e-17,0.0,0.0,-1.2963265090616303,0.0645438856108384
05D4ev,333.377,-17.7008,0.72013,43.1612,0.243162,43.08253563256257,0.0786643674374332,0.243162,0,0,0,0,8839,956380,0.706970109961791,0.10491011863382857,-0.4971498726941338,-1.0992098640220962,2.495059882879614,4.085541058226122,-3.361947861798997,0.9743612922674362,0.9743612922674362,1.9638753594399083,-0.8685889638065036,0.8685889638065036,-0.8685889638065035,0.8685889638065035,2.336809597840077,2.336809597840077,5.55013275731095,5.55013275731095,0.8685889638065035,3,-0.49714987269413385,6.798699777552591e-17,5.551115123125783e-17,5.551115123125783e-17,0.0,0.0,-1.2963265090616303,0.0786643674374332
06D3et,215.52,52.3384,0.57661,42.4263,0.166843,42.50004607837036,-0.0737460783703625,0.166843,44125,176180,707132,11130,1633092,4600417,4.75350429271276,4.749604679286043,4.748809198010266,4.750291241053153,4.7616185351425635,4.767707412673213,0.14234194392456126,0.004685421321774512,0.004685421321774512,0.007703707191447439,-0.0033867949218965225,0.0033867949218965225,0.0004952496283368722,0.0004952496283368722,0.010634274697240927,0.010634274697240927,0.01870569026243148,0.01870569026243148,0.0004952496283368722,5,4.781489738976071,0.029428309330544997,-0.03268054096580553,0.03268054096580553,0.0,0.0,-1.2662569242989592,0.0737460783703625
090201,353.328,-0.9507,0.50817,42.0193,0.184312,42.171990754748165,-0.1526907547481641,0.184312,116275,455610,1655658,27283,3400653,8408488,5.142878150820901,5.170400201864593,5.161444328186219,5.119761030221411,5.080170064696385,5.029628079007284,0.4179813571700875,-0.03953166941332036,0.03953166941332036,0.05383978221929104,0.01339266600660449,0.01339266600660449,-0.03652844090217232,0.03652844090217232,-0.07248840880232253,0.07248840880232253,-0.09839164396319097,0.09839164396319097,0.03652844090217232,1,5.1703339000009425,0.0,-0.008889571814723496,0.008889571814723496,0.0,0.0,-1.2963265090616305,0.1526907547481641
091869,351.908,-1.7625,0.28843,40.7458,0.165419,40.73582531589023,0.0099746841097712,0.165419,91728,343589,1436071,24436,3191476,8288916,5.095017998790227,5.067416777628734,5.038890642744414,5.057966350549099,5.052599336815954,5.0234079095400626,0.33611574884960466,-0.01826286456135048,0.01826286456135048,0.024588902600268196,-0.040487329112752025,0.040487329112752025,-0.006817042141036696,0.006817042141036696,0.014097969900334033,0.014097969900334033,-0.0385422996049051,0.0385422996049051,0.006817042141036696,6,5.132917220809164,0.017853209709847086,-0.09402657806475023,0.09402657806475023,0.0,0.005006348630509702,-0.7138402679095821,0.0099746841097712
100101,132.141,43.9852,0.42967,41.9219,0.19807,41.74036552575,0.1815344742500002,0.19807,46417,181032,737473,11738,1715913,4803769,4.7766012125821335,4.771596542826199,4.760607875719686,4.7685368496374965,4.78310313549264,4.7864923242501956,0.15022343622385007,0.0037146919898191195,0.0037146919898191195,0.009583575287654576,-0.011536753889359612,0.011536753889359612,-0.0022071020949913185,0.0022071020949913185,0.019502947828304244,0.019502947828304244,0.019044353351475717,0.019044353351475717,0.0022071020949913185,2,4.782438006904163,0.011549650980954314,-0.021830131184477075,0.021830131184477075,0.0,0.0,-1.2845251784024272,0.1815344742500002
10550,349.675,-1.2049,0.29923,41.0113,0.341681,40.82720813664015,0.1840918633598463,0.341681,121286,442575,1551366,31803,3346995,8389234,5.209451854747491,5.1887243726675525,5.148837986625593,5.091504685062136,5.073262811198634,5.028632478696596,0.4095603470891913,-0.06171559886492856,0.06171559886492856,0.07047158066878056,-0.0437236634742799,0.0437236634742799,-0.07012918059255402,0.07012918059255402,-0.07029074413298844,0.07029074413298844,-0.0694139117761334,0.0694139117761334,0.07012918059255402,6,5.117485874656429,0.04075763375914326,0.031352111969163765,0.031352111969163765,0.0,0.0019731140536509663,-1.0322995351811544,0.1840918633598463
110716,128.986,43.4945,0.31577,41.2033,0.233304,40.961422221859536,0.2418777781404628,0.233304,48755,193978,757194,12518,1708947,4826453,4.804539749393162,4.792938187007865,4.790604843433134,4.779997873494202,4.781336466042727,4.788538290002932,0.1702613485948932,-0.006346419014867404,0.006346419014867404,0.008910020394276425,-0.010051909861893069,0.010051909861893069,-0.009334463066854691,0.009334463066854691,-0.009175805153840524,0.009175805153840524,0.009523926356954735,0.009523926356954735,0.009334463066854691,3,4.773883997809253,0.013086831934341955,0.01672084562388143,0.01672084562388143,0.0,0.0,-1.282954500574684,0.2418777781404628
1279500,36.9257,-4.3149,0.23471,40.2784,0.167703,40.22822806175505,0.0501719382449508,0.167703,103173,420967,1685693,25878,3793178,10559202,5.1199176005491545,5.118480386863325,5.127099211379977,5.127568876982696,5.127610955396115,5.128541257876636,0.3950388902010613,0.003456906558699878,0.003456906558699878,0.004440669028284078,0.005180437165611024,0.005180437165611024,0.006555959812192496,0.006555959812192496,0.0004886138146551075,0.0004886138146551075,0.0010935494232314907,0.0010935494232314907,0.006555959812192496,8,5.099494019134439,0.08160816102114855,0.027605192245538035,0.027605192245538035,0.0,0.03328881978900452,2.538899477220238,0.0501719382449508
12860,323.694,1.1759,0.12042,38.7926,0.252257,38.63546571537832,0.1571342846216765,0.252257,125633,479079,1792735,32501,3945143,9915645,5.218880195932638,5.204017305918452,5.183258168189186,5.154306475632213,5.144670477696907,5.101231132192408,0.4325529571608241,-0.037209245432189696,0.037209245432189696,0.04314688186436838,-0.025695861385943652,0.025695861385943652,-0.03585878416621496,0.03585878416621496,-0.03583951570311663,0.03583951570311663,-0.059077760487215865,0.059077760487215865,0.03585878416621496,6,5.100566527603399,0.047867925453485026,0.08269164058578671,0.08269164058578671,0.0,0.0001995622603597337,-1.2249236857430301,0.1571342846216765
12927,41.7861,0.7751,0.18892,39.4384,0.149571,39.70217550463772,-0.2637755046377137,0.149571,99969,411541,1651741,25574,3665995,9653800,5.1147857523459885,5.104779810742096,5.117264291124984,5.118732348013871,5.112799604630526,5.089608460817698,0.38846918381845935,-0.004110234321707839,0.004110234321707839,0.010974002456243744,0.0017878878025539841,0.0017878878025539841,0.010064628164903654,0.010064628164903654,-0.003398254153403299,0.003398254153403299,-0.03236383540812967,0.03236383540812967,0.010064628164903654,8,5.045019747185179,0.12434626294209597,0.07224454393980473,0.07224454393980473,0.0,0.0010136630394686134,-1.0550250084050445,0.2637755046377137
12950,351.667,-0.8403,0.08141,37.7215,0.219648,37.73073694675067,-0.0092369467506685,0.219648,108642,418215,1632292,26648,3480633,8399377,5.132651026790415,5.140911868072621,5.124250771231775,5.113588254159134,5.090265976072624,5.029157245032672,0.3931361380752777,-0.030632542145591298,0.030632542145591298,0.04115262645153802,-0.006059503518324932,0.006059503518324932,-0.019709821146076292,0.019709821146076292,-0.029259672908364488,0.029259672908364488,-0.09331370300355317,0.09331370300355317,0.019709821146076292,5,5.06161299736966,0.10116084637470882,0.06263777386211533,0.06263777386211533,0.0,0.01918006213308227,0.9687409326422616,0.0092369467506685
1306073,36.8506,-3.7494,0.32859,41.1,0.144172,41.06105693336829,0.0389430666317096,0.144172,106907,421258,1669727,26567,3792902,10605265,5.13132897255212,5.133920323616767,5.127399319781305,5.123435865975705,5.127579354030072,5.130431684544723,0.3952393619922461,-0.0015297883643701628,0.0015297883643701628,0.003666657801273754,-0.0028346452824348878,0.0028346452824348878,-0.007562937522585182,0.007562937522585182,-0.00046950389682574856,0.00046950389682574856,0.007547659411099921,0.007547659411099921,0.007562937522585182,7,5.129946779477486,0.010017364893020892,-0.002547459696180532,0.002547459696180532,0.0,0.004646744980584165,-0.7623762429160451,0.0389430666317096
13070,357.785,-0.7463,0.19719,39.8018,0.14158,39.80536358045043,-0.0035635804504323,0.14158,105407,405999,1601984,27532,3433904,8918649,5.146823644728239,5.12778369178747,5.111376160883061,5.105448581279352,5.084395893972021,5.0552092396106545,0.38453592499896677,-0.02762042725009,0.02762042725009,0.032288202880950266,-0.025569954577715402,0.025569954577715402,-0.016111376583884555,0.016111376583884555,-0.02283485165534009,0.02283485165534009,-0.05492720799846485,0.05492720799846485,0.016111376583884555,7,5.139983880271828,0.04719581614372573,-0.028607719388767272,0.028607719388767272,0.0,0.052240159622709954,4.639661132595021,0.0035635804504323
1308582,37.1372,-4.3728,0.36705,41.2088,0.151911,41.33976533829163,-0.1309653382916309,0.151911,101730,419068,1685495,24620,3783205,10552420,5.0982757981047,5.112363432200165,5.125135663045738,5.127517862173376,5.126467607646597,5.128262228155608,0.3937272439762279,0.009619816640080502,0.009619816640080502,0.012021597849273096,0.01937529697469133,0.01937529697469133,0.010931610484925714,0.010931610484925714,0.0014519159984396832,0.0014519159984396832,0.000927283724848477,0.000927283724848477,0.010931610484925714,7,5.131725125304335,0.010532449732643048,-0.006589462258597578,0.006589462258597578,0.0,0.01842484359908244,0.7910202149223895,0.1309653382916309
1316437,42.5626,-0.745,0.47196,42.0374,0.25691,41.9812471804617,0.0561528195382976,0.25691,96737,395677,1604488,23737,3596700,9498899,5.082414235466908,5.090507223001723,5.100192031137183,5.106126879998596,5.104511953531192,5.082583434281631,0.37706494946787006,0.003059699252135798,0.003059699252135798,0.010693565777032205,0.012823968825721626,0.012823968825721626,0.011267200844887606,0.011267200844887606,0.00443073217524318,0.00443073217524318,-0.0264275454562976,0.0264275454562976,0.011267200844887606,5,5.136317206353475,0.009111271119039895,-0.03612517521629144,0.03612517521629144,0.0,0.0008814419117339487,-1.1876731720336164,0.0561528195382976
1317286,36.0079,-6.8106,0.28198,40.5986,0.166629,40.67973150869896,-0.0811315086989594,0.166629,105620,414794,1655507,26333,3734642,10354087,5.127486941190408,5.128660393625218,5.1206836400047955,5.119721419735553,5.120856711155789,5.120021970389574,0.3907533017957897,-0.0030425996894072765,0.0030425996894072765,0.004042170484107057,-0.004907544441078306,0.004907544441078306,-0.00644810665062751,0.00644810665062751,-8.910832681545688e-06,8.910832681545688e-06,0.00024452342371501144,0.00024452342371501144,0.00644810665062751,7,5.127651659877027,0.005085733012332646,-0.006968019872231501,0.006968019872231501,0.0,0.013789850544201752,0.26306470535891413,0.0811315086989594
1332413,36.2749,-5.853,0.60873,42.6179,0.230751,42.641520609356,-0.0236206093560014,0.230751,98956,418228,1700963,22934,3786085,10425279,5.067468854429793,5.100356639296983,5.124264270812178,5.131485258075601,5.126798092497291,5.122997846627051,0.39314515576705716,0.01830797357438437,0.01830797357438437,0.024447091078729135,0.04096923278004576,0.04096923278004576,0.022454551970817905,0.022454551970817905,0.003179825042008857,0.003179825042008857,-0.009185211493917534,0.009185211493917534,0.022454551970817905,4,5.123498318407733,0.01688302922352863,0.0007659524044454358,0.0007659524044454358,0.0,0.0019952838744785053,-1.0541957287613168,0.0236206093560014
13370,27.1515,0.3282,0.19846,40.3246,0.238597,39.82085296030183,0.5037470396981689,0.238597,102085,421836,1697362,25026,3812559,10464683,5.105378903575956,5.113876305974026,5.127994797045739,5.130564866945104,5.1298243049660055,5.124636237201671,0.3956371395728889,0.00741728382610724,0.00741728382610724,0.010195161998265558,0.016313918677064266,0.016313918677064266,0.012038252076273558,0.012038252076273558,0.0018852344414700393,0.0018852344414700393,-0.006627082477539598,0.006627082477539598,0.012038252076273558,8,5.149061595522932,0.020941199303552545,-0.02106679847719306,0.02106679847719306,0.0,0.04180353994709441,3.4365679487267964,0.5037470396981689
1338266,34.905,-5.8691,0.64846,43.0397,0.272369,42.80703105560486,0.2326689443951437,0.272369,110462,423393,1670209,28672,3806922,10483233,5.164443244669149,5.14812695243144,5.129594826559985,5.123561215573051,5.129181710595462,5.12540539858039,0.39670595597806074,-0.012827258679294497,0.012827258679294497,0.01617074251827124,-0.02513781999445831,0.02513781999445831,-0.017720433370690142,0.017720433370690142,-0.0012728777929137136,0.0012728777929137136,0.0016124843840933352,0.0016124843840933352,0.017720433370690142,5,5.124820749178194,0.01543059862418019,0.004774077381791031,0.004774077381791031,0.0,0.006031198984219118,-0.6008092013551944,0.2326689443951437
1345582,33.7065,-4.6747,0.45878,41.9679,0.252185,41.90840846046906,0.0594915395309385,0.252185,109179,433721,1749463,27900,3893044,10672075,5.152589879066896,5.143053208603771,5.140061579051765,5.143695146093651,5.1388970416563025,5.133159027997072,0.40369772498762174,-0.004970243056417093,0.004970243056417093,0.006444029415265074,-0.00903725815129903,0.00903725815129903,0.00046306001660549774,0.00046306001660549774,-0.00038138069927219626,0.00038138069927219626,-0.011487351679640243,0.011487351679640243,0.00046306001660549774,6,5.127808691149755,0.016209422741318917,0.012252887902009846,0.012252887902009846,0.0,0.014718050197825272,0.37904417751398856,0.0594915395309385
13727,317.588,0.9326,0.22534,40.1329,0.188923,40.12883086263482,0.0040691373651782,0.188923,125397,481958,1769767,31783,3869812,9950571,5.209178662009098,5.20320072852653,5.1858602219117005,5.1487064741342765,5.136297597089508,5.102758165138701,0.4342911236640045,-0.03597610657720227,0.03597610657720227,0.041968767953789086,-0.01682069894489077,0.01682069894489077,-0.03930929528432257,0.03930929528432257,-0.04602781620798188,0.04602781620798188,-0.050805974195872995,0.050805974195872995,0.03930929528432257,7,5.131941449716903,0.05899957547883938,0.05391877219479735,0.05391877219479735,0.0,0.0010161767074862047,-1.1215123678199725,0.0040691373651782
13830,351.562,-0.3823,0.32985,40.8444,0.209813,41.07065477922046,-0.2262547792204614,0.209813,110371,431731,1682885,28549,3552369,8441346,5.162576222543658,5.147769030905503,5.1380643670864545,5.1268448335058325,5.099125811625601,5.031321871893411,0.4023635915268804,-0.036944679915858994,0.036944679915858994,0.04737614921848993,-0.017681566155547102,0.017681566155547102,-0.015093617911543386,0.015093617911543386,-0.033369763855141454,0.033369763855141454,-0.10546158579222908,0.10546158579222908,0.015093617911543386,5,5.117390687925976,0.04674079153395374,0.020673679160478464,0.020673679160478464,0.0,0.0,-1.248567183946553,0.2262547792204614
140152,162.393,57.6157,0.20864,39.8798,0.15965,39.94179308726686,-0.0619930872668561,0.15965,50033,188703,744502,12101,1678023,4521549,4.7898272585582005,4.804175342854153,4.778631233403579,4.772656588073917,4.77340578591645,4.760197456333221,0.16226300186767686,-0.01163638287736125,0.01163638287736125,0.015311706844857772,-0.00807622498412025,0.00807622498412025,-0.02273597560822075,0.02273597560822075,-0.005172402788426774,0.005172402788426774,-0.014118976909426399,0.014118976909426399,0.02273597560822075,7,4.79044508510011,0.012811325191345417,-0.011813851696531152,0.011813851696531152,0.0,0.0,-1.2832360109145466,0.0619930872668561
14157,51.1367,1.0224,0.21083,39.806,0.155718,39.96709439044967,-0.1610943904496693,0.155718,58137,238954,845344,14381,1732465,4468009,4.8647893943790885,4.869370206200612,4.881166249627382,4.827824124238432,4.787272338115883,4.755024255087239,0.23075618056770184,-0.0384792562603664,0.0384792562603664,0.050646038079831764,0.011813403926034848,0.011813403926034848,-0.02996916320760208,0.02996916320760208,-0.08454960093781572,0.08454960093781572,-0.07875617861360575,0.07875617861360575,0.02996916320760208,6,5.0550721449639235,0.11869376930478273,-0.17390589533654133,0.17390589533654133,0.0,0.0010177424210054049,-1.0603409066131573,0.1610943904496693
14437,332.081,-1.1964,0.14792,39.0382,0.157931,39.11880428243464,-0.0806042824346349,0.157931,92846,364123,1499533,22692,3334940,8824053,5.062862023093167,5.072677994351046,5.064099432232827,5.076746453252499,5.0716957728804015,5.050578275798314,0.35295516807271665,-0.0018749464865389287,0.0018749464865389287,0.009408858647726103,0.0008926020146688208,0.0008926020146688208,0.0029347727405934164,0.0029347727405934164,0.008134665474386257,0.008134665474386257,-0.02910263062838034,0.02910263062838034,0.0029347727405934164,7,5.132557599084646,0.05498648799877898,-0.06845816685181916,0.06845816685181916,0.0,0.009533073637761326,-0.16571013683369373,0.0806042824346349
150254,183.211,47.1458,0.27508,40.5286,0.241865,40.61839770321263,-0.089797703212632,0.241865,46195,191316,770532,12637,1699106,4590520,4.80864846098976,4.769514491308255,4.784603689482477,4.787581379176408,4.778828346968866,4.76677209710889,0.16625259017180444,-0.008339958727242393,0.008339958727242393,0.015121570065543507,-0.017344636306432647,0.017344636306432647,0.013032504765840273,0.013032504765840273,-0.004228273884759241,0.004228273884759241,-0.022748265676805053,0.022748265676805053,0.013032504765840273,7,4.786792619692792,0.020313869538483888,-0.0021889302103152986,0.0021889302103152986,0.0,0.0,-1.275569977822125,0.089797703212632
15440,39.7207,0.0901,0.2613,40.447,0.207526,40.49153620841223,-0.0445362084122251,0.207526,100785,423668,1716929,25036,3850349,10355503,5.105552399296506,5.108310327876108,5.129876814999379,5.135542725120505,5.134107826897083,5.120081359390317,0.39689432367216276,0.008071488518241342,0.008071488518241342,0.01306369091289117,0.017546356953528273,0.017546356953528273,0.01964402222800497,0.01964402222800497,0.004316736779329424,0.004316736779329424,-0.017324220359364602,0.017324220359364602,0.01964402222800497,8,5.069560128836759,0.1112317513111647,0.060316686162620314,0.060316686162620314,0.0,0.004792095777638621,-0.642574420726972,0.0445362084122251
160039,184.975,48.1403,0.27085,40.4887,0.166124,40.58009150712589,-0.0913915071258912,0.166124,52757,201428,754651,12966,1664427,4559407,4.819809620806906,4.82719844217557,4.806972123976819,4.778536863340335,4.769872631009567,4.763818575547424,0.18119465813536417,-0.0227081672293038,0.0227081672293038,0.027084657163183704,-0.009260296507096873,0.009260296507096873,-0.035101909233710385,0.035101909233710385,-0.034550538815444766,0.034550538815444766,-0.01588371373969526,0.01588371373969526,0.035101909233710385,8,4.7793920371076934,0.02067523492678486,0.02758008686912561,0.02758008686912561,0.0,0.0,-1.275200737882047,0.0913915071258912
16093,350.362,1.1325,0.33439,41.1204,0.23572,41.10495892647402,0.0154410735259773,0.23572,104136,404077,1515549,25754,3305925,8428346,5.1178316641783885,5.1225151809094305,5.10931533325781,5.081360404867551,5.067900745943064,5.030652526097059,0.3831592964090017,-0.0288955472676156,0.0288955472676156,0.03541737552767307,-0.006143234192843785,0.006143234192843785,-0.029686895652257624,0.029686895652257624,-0.037980736148314695,0.037980736148314695,-0.05608826695816185,0.05608826695816185,0.029686895652257624,5,5.123140494691705,0.04726440161654362,-0.01382516143389445,0.01382516143389445,0.0,0.0,-1.248032163820722,0.0154410735259773
16350,323.639,-0.8858,0.23684,40.2279,0.210237,40.25031063580981,-0.0224106358098126,0.210237,138733,501605,1848352,35425,3973069,9869266,5.256292228256088,5.247093026735658,5.203212850007527,5.16757505270611,5.1477338346576005,5.099195017030256,0.4458826433306939,-0.052503607214684264,0.052503607214684264,0.0605048464485977,-0.03828867788633409,0.03828867788633409,-0.05736009339698296,0.05736009339698296,-0.0505977371147182,0.0505977371147182,-0.07549471025603781,0.07549471025603781,0.05736009339698296,8,5.143125301503098,0.03625425951965417,0.06008754850442877,0.06008754850442877,0.0,0.005271437429988038,-0.6651612220885845,0.0224106358098126
17220,9.7015,-0.1792,0.17769,39.3394,0.257355,39.55512407924062,-0.2157240792406227,0.257355,115306,460230,1822468,28622,4065003,10666808,5.163685260530384,5.166765791662216,5.165825995605261,5.161450285728717,5.157668595146462,5.132944637312401,0.42090830194065715,-0.008190921762713797,0.008190921762713797,0.012729286447449091,0.0015442139381912146,0.0015442139381912146,-0.0038343270250374728,0.0038343270250374728,-0.007305403516622301,0.007305403516622301,-0.03184549776116125,0.03184549776116125,0.0038343270250374728,6,5.145130133972503,0.025557717950002435,0.02069586163275794,0.02069586163275794,0.0,0.00949344130861262,-0.2002469814637251,0.2157240792406227
17340,41.2121,0.3648,0.25625,40.3729,0.207312,40.44349349522032,-0.0705934952203151,0.207312,107470,431453,1684074,27530,3721870,9978146,5.146792096385795,5.136201408568437,5.137784626983757,5.1271515648047385,5.119368934281105,5.1039600163947965,0.4021767257170405,-0.012712146531409764,0.012712146531409764,0.015280779211722937,-0.006497515718639413,0.006497515718639413,-0.006528082359353585,0.006528082359353585,-0.01660951682236786,0.01660951682236786,-0.025516801213222803,0.025516801213222803,0.006528082359353585,8,5.067304773756671,0.10985747913850878,0.07047985322708605,0.07047985322708605,0.0,0.0009554376057459504,-1.0763918566839823,0.0705934952203151
18030,4.933,-0.4001,0.15518,39.3994,0.175858,39.23229835340023,0.1671016465997752,0.175858,106251,424520,1694322,26664,3808001,10532262,5.132911697980687,5.131247232234191,5.130749305887109,5.129786342294804,5.129304785674759,5.127431813923788,0.39747714578004617,-0.0016061689801396485,0.0016061689801396485,0.0018643071943859142,-0.0015598361749307955,0.0015598361749307955,-0.0010538093354190057,0.0010538093354190057,-0.0013228709177283892,0.0013228709177283892,-0.0026163027180342614,0.0026163027180342614,0.0010538093354190057,5,5.155572539301486,0.02573254888993887,-0.0248232334143772,0.0248232334143772,0.0,0.0,-1.2700332194501043,0.1671016465997752
18617,345.762,0.8492,0.3257,41.1639,0.271274,41.03891379897301,0.1249862010269851,0.271274,118371,439843,1604762,30193,3371605,8391914,5.186890760674679,5.178159104098543,5.146148799355161,5.106201038517984,5.076444435888224,5.028771194961142,0.4077639755562751,-0.05288357065626095,0.05288357065626095,0.06156243714784465,-0.029389112775879227,0.029389112775879227,-0.05190677218251777,0.05190677218251777,-0.06282145230202144,0.06282145230202144,-0.08487894984235676,0.08487894984235676,0.05190677218251777,6,5.117934072534835,0.04114877867649258,0.028214726820325886,0.028214726820325886,0.0,0.0019731140536509663,-1.0318998667831294,0.1249862010269851
18650,328.447,0.0151,0.11243,38.6214,0.163201,38.47544638911949,0.145953610880511,0.163201,105418,424210,1727333,27131,3686540,9267800,5.140451918354776,5.127829010833942,5.1304320531020675,5.138166457524566,5.115226686154416,5.071886818597498,0.39726522157601124,-0.01639526661547313,0.01639526661547313,0.025508538836881832,-0.0072278049552290035,0.0072278049552290035,0.007456891538008537,0.007456891538008537,-0.011148588100009335,0.011148588100009335,-0.07286692327004679,0.07286692327004679,0.007456891538008537,7,5.111496578848469,0.053428036491883886,0.018935474253598095,0.018935474253598095,0.0,0.018147571483536743,0.8036003981489485,0.145953610880511
18740,16.8553,1.0437,0.15317,39.0991,0.159928,39.20138166059132,-0.1022816605913234,0.159928,112390,456012,1882128,28514,4050115,10555161,5.162043485882916,5.155641654005389,5.161827350996153,5.175439522374241,5.156075079954901,5.128375021854591,0.41823721561467697,-0.006226987147543579,0.006226987147543579,0.015554556716822454,-0.00015590836464810117,0.00015590836464810117,0.014281143257957627,0.014281143257957627,-0.002557443100458095,0.002557443100458095,-0.051485925545917494,0.051485925545917494,0.014281143257957627,7,5.145116602675584,0.023917429875348444,0.016710748320568847,0.016710748320568847,0.0,0.014735710900935202,0.3889106124322107,0.1022816605913234
18807,46.6409,0.7933,0.18714,39.7694,0.13671,39.67941821617536,0.0899817838246406,0.13671,61683,252999,1080847,15317,2536394,6913986,4.8921721751496845,4.895082647126816,4.905970648481684,4.9345547592533885,4.95282450625682,4.944638677260296,0.24732546768388217,0.021991395221454303,0.021991395221454303,0.026396425622764827,0.009953494523957359,0.009953494523957359,0.0284731102092099,0.0284731102092099,0.04249638065938463,0.04249638065938463,0.009855075050964578,0.009855075050964578,0.0284731102092099,5,5.035714596943054,0.133658543181324,-0.12974394846136938,0.12974394846136938,0.0,0.0,-1.1597553982885629,0.0899817838246406
18927,46.6825,-0.754,0.21214,39.9374,0.243726,39.9821128492864,-0.0447128492864052,0.243726,64868,248684,1058807,17154,2561924,7500798,4.9413608323539835,4.916947321669198,4.898499717908772,4.9256073500038235,4.95717402955042,4.980017646400029,0.24233490151798742,0.014381785703842874,0.014381785703842874,0.02929076933976182,-0.030917758628540685,0.030917758628540685,0.006246889966160845,0.006246889966160845,0.05186784853801886,0.05186784853801886,0.05875719443963947,0.05875719443963947,0.006246889966160845,8,5.072600571081411,0.11097963467480149,-0.17410085317263935,0.17410085317263935,0.0,0.0010968781481110331,-1.0593040938350191,0.0447128492864052
18940,10.349,0.412,0.21099,39.9552,0.163264,39.968933331946175,-0.0137333319461774,0.163264,120783,473941,1832192,31059,4051144,10653950,5.199171561354331,5.186919526661238,5.178575324209529,5.163761355539095,5.156185405748449,5.132420813665843,0.4294248270708763,-0.020582515255499204,0.020582515255499204,0.023880030564583973,-0.01485704459488935,0.01485704459488935,-0.01670508931698663,0.01670508931698663,-0.02048698725329504,0.02048698725329504,-0.0347278293447108,0.0347278293447108,0.01670508931698663,6,5.143005245871791,0.02257712017130413,0.035570078337737954,0.035570078337737954,0.0,0.00949344130861262,-0.20329252976700374,0.0137333319461774
19027,328.884,-0.372,0.29114,40.484,0.219145,40.75904870471513,-0.2750487047151253,0.219145,105057,422568,1686511,26347,3622204,9176566,5.127717764731267,5.1263392474706935,5.128747761000012,5.127779571639644,5.10758064359317,5.067590358462046,0.39614011793651577,-0.015676067327326532,0.015676067327326532,0.02425842769165217,0.0007429852545261164,0.0007429852545261164,0.0010389742679089917,0.0010389742679089917,-0.017342826133931597,0.017342826133931597,-0.06622391026894119,0.06622391026894119,0.0010389742679089917,6,5.154947584469657,0.03391037478106099,-0.026199823469644556,0.026199823469644556,0.0,0.00042765712447650003,-1.213477797234091,0.2750487047151253
19207,333.464,-0.9203,0.25721,40.5776,0.249962,40.45269326914142,0.1249067308585765,0.249962,103771,404268,1573547,26431,3456495,8786626,5.129100135602079,5.120990305615454,5.109520567513859,5.097670131283819,5.087243676501764,5.04873230924585,0.38329639246742747,-0.023720738082909074,0.023720738082909074,0.028868676779057884,-0.014123672891811585,0.014123672891811585,-0.01682194993045757,0.01682194993045757,-0.01993479208313772,0.01993479208313772,-0.054343908854922414,0.054343908854922414,0.01682194993045757,8,5.161197268894833,0.02676759086417543,-0.051676701380974244,0.051676701380974244,0.0,0.002587775098889262,-0.9773186377229526,0.1249067308585765
19230,332.891,0.7648,0.22005,39.9228,0.242946,40.07101279796318,-0.1482127979631755,0.242946,123558,474672,1688744,29303,3515694,8747459,5.173897015618279,5.196784503402127,5.179244656507903,5.128354212160101,5.094618809193613,5.046792083870625,0.42987193966139037,-0.04536361151433044,0.04536361151433044,0.05784061265563431,0.0038575074959574947,0.0038575074959574947,-0.04936202091072938,0.04936202091072938,-0.07664099337552063,0.07664099337552063,-0.08920964609798392,0.08920964609798392,0.04936202091072938,8,5.144402258318701,0.04387960871834805,0.03484239818920187,0.03484239818920187,0.0,0.005271437429988038,-0.6573697080909693,0.1482127979631755
1990O,258.901,16.322,0.03093,35.4926,0.166476,35.55373979440757,-0.0611397944075662,0.166476,91038,357229,1449587,22168,3305076,9414358,5.05271621334796,5.064137597288656,5.055798050891256,5.062034721142765,5.067789199777629,5.078700873975373,0.34740986251150013,0.00667263315524223,0.00667263315524223,0.009247943016274436,0.0022230758702692396,0.0022230758702692396,-0.0015169044936407994,0.0015169044936407994,0.010708365998154636,0.010708365998154636,0.018323686483263237,0.018323686483263237,0.0015169044936407994,4,4.930610004542487,0.1571457132371203,0.1251880463487689,0.1251880463487689,2.0,0.0,0.2024087557554452,0.0611397944075662
19940,315.393,-0.2685,0.15591,38.9704,0.179204,39.243434278857805,-0.273034278857807,0.179204,85102,343044,1537893,20778,3551722,9881359,5.02459475304185,5.034854988477303,5.0382012210215406,5.087716538542442,5.099046705529843,5.0997268405339815,0.3356552165650888,0.02930759546957992,0.02930759546957992,0.03502836498903508,0.009814991939157185,0.009814991939157185,0.038131548066340046,0.038131548066340046,0.05711241102396253,0.05711241102396253,0.012606470190420611,0.012606470190420611,0.038131548066340046,7,5.137202424315371,0.049049201763120574,-0.09900120329383011,0.09900120329383011,0.0,0.004908146215926991,-0.6930324518203894,0.273034278857807
1996bl,9.0749,11.3946,0.03481,35.7348,0.155656,35.81636803549163,-0.0815680354916281,0.155656,52366,231233,911055,13303,2046328,5606378,4.8309523461732535,4.823967813391438,4.866901819194301,4.86033520860789,4.859583076860416,4.85359257203758,0.22122757055047065,0.010792641946279201,0.010792641946279201,0.017516206313248486,0.025932063225018533,0.025932063225018533,0.026233530364412033,0.026233530364412033,-0.0069645878056286345,0.0069645878056286345,-0.007544493140218457,0.007544493140218457,0.026233530364412033,5,4.98102775716576,0.15047372197363867,-0.1141259379714592,0.1141259379714592,2.0,0.001949936513694903,0.4153603198924741,0.0815680354916281
2000dg,1.5575,8.8882,0.03725,36.0748,0.289284,35.967239448921376,0.1075605510786275,0.289284,52272,207841,882814,13322,2023140,5927582,4.8315721378551295,4.823187544043576,4.820583440137901,4.846659839672194,4.854633769242406,4.8777877624632415,0.190286989170146,0.015913753568008736,0.015913753568008736,0.02182855159097156,-0.00792666985123651,0.00792666985123651,0.0169316822508431,0.0169316822508431,0.031707483773736514,0.031707483773736514,0.03445480034296326,0.03445480034296326,0.0169316822508431,5,4.9691865621616635,0.12131089335432926,-0.14860312202376225,0.14860312202376225,0.0,0.005849809541084708,-0.5130652806474154,0.1075605510786275
2000dk,16.848,32.4064,0.01649,34.1436,0.28269,34.16527333072595,-0.0216733307259531,0.28269,58787,183050,587983,15567,1272515,3565581,4.899202932886068,4.874198804137784,4.765422233062589,4.670155644356334,4.653270869518186,4.6570405472841925,0.15343941696835445,-0.09522955272601605,0.09522955272601605,0.11156682758217665,-0.09650237610099406,0.09650237610099406,-0.14718602737200603,0.14718602737200603,-0.10589178344864716,0.10589178344864716,-0.013390254317941122,0.013390254317941122,0.14718602737200603,7,1.8432688241985196,2.920070683520299,2.9221534088640695,2.9221534088640695,4.0,1.6489949375855417e-05,4.365564602922555,0.0216733307259531
2000dm,274.746,16.2482,0.01472,34.0109,0.270222,33.91589604458839,0.095003955411606,0.270222,0,0,0,0,37207,983452,0.706970109961791,0.10491011863382857,-0.4971498726941338,-1.0992098640220962,3.1192439443700013,4.097663728106886,-3.361947861798997,1.062808991197326,1.062808991197326,2.0780154950650482,-0.8685889638065036,0.8685889638065036,-0.8685889638065035,0.8685889638065035,2.8437861323446394,2.8437861323446394,5.511819363760817,5.511819363760817,0.8685889638065035,7,4.96668588247927,0.16459179435449406,-5.463835755173404,5.463835755173404,4.0,0.008228484738551853,2.4755793400147557,0.095003955411606
2001br,277.607,34.1036,0.02046,34.8118,0.300223,34.639980330515435,0.171819669484563,0.300223,95140,386841,1538796,23724,2857665,6319316,5.082176331061121,5.0832778304875195,5.090383747261847,5.087971466923888,5.004619085556797,4.905580260340222,0.37051303613177,-0.04907218063661119,0.04907218063661119,0.07453772907354755,0.005920399325649539,0.005920399325649539,0.0033857430052420096,0.0033857430052420096,-0.07003476821439719,0.07003476821439719,-0.19883371632590627,0.19883371632590627,0.0033857430052420096,8,4.2776500604854375,1.9347731702508753,0.8127336867764097,0.8127336867764097,6.0,8.244974687927709e-06,4.696032283266174,0.171819669484563
2002de,244.127,35.7084,0.0305,35.3638,0.283742,35.52267142458615,-0.1588714245861524,0.283742,52807,207012,834489,13186,1893275,5417247,4.827116116149902,4.827609838377358,4.818847746439053,4.822211272714151,4.825821547487843,4.838688836548172,0.18912754937033888,0.0021898285997463576,0.0021898285997463576,0.006742549699253006,-0.005964367989039655,0.005964367989039655,-0.0038942419551107363,0.0038942419551107363,0.006186811983480278,0.006186811983480278,0.01828951550062159,0.01828951550062159,0.0038942419551107363,7,4.886440120433341,0.10371890946421977,-0.0675923739942883,0.0675923739942883,0.0,0.0,-1.1903474497621198,0.1588714245861524
2002jy,20.3178,40.4987,0.0187,34.9988,0.187715,34.441879852468034,0.5569201475319687,0.187715,0,0,0,0,0,0,0.706970109961791,0.10491011863382857,-0.4971498726941338,-1.0992098640220962,-1.4513923821334587,-1.8950898813661714,-3.361947861798997,-0.8685889638065037,0.8685889638065037,0.9818347962932731,-0.8685889638065036,0.8685889638065036,-0.8685889638065035,0.8685889638065035,-0.8685889638065037,0.8685889638065037,-0.8685889638065037,0.8685889638065037,0.8685889638065035,7,3.363230363290424,2.639272186959145,-3.860380235984558,3.860380235984558,3.0,8.244974687927709e-06,3.4086353544664796,0.5569201475319687
2003kc,146.643,30.6553,0.0341,35.8566,0.205773,35.770523081693135,0.0860769183068654,0.205773,60092,242724,979488,14447,2131151,5696538,4.866777842931222,4.883734004306636,4.887964637065446,4.891789699058913,4.877222043839346,4.860521193653602,0.23529748931096026,-0.0012282158132549265,0.0012282158132549265,0.01228315333240619,0.015283041414890394,0.015283041414890394,0.005810955435012453,0.005810955435012453,-0.008131146964241701,0.008131146964241701,-0.0340641943582771,0.0340641943582771,0.005810955435012453,5,4.871768388770297,0.05602913599790644,0.016196248295148763,0.016196248295148763,0.0,0.0,-1.2390764361762143,0.0860769183068654
20040,328.879,0.8151,0.28655,40.6389,0.217509,40.71959602270656,-0.0806960227065616,0.217509,121403,454886,1666283,29980,3576013,9126330,5.183816224372618,5.189143114675449,5.160753652816985,5.122539160132294,5.102006828245132,5.065206334644724,0.4175199874523962,-0.04153866681215496,0.04153866681215496,0.04911722667466375,-0.016636128806728948,0.016636128806728948,-0.04804459746150211,0.04804459746150211,-0.053652221970367224,0.053652221970367224,-0.06297352179755043,0.06297352179755043,0.04804459746150211,7,5.1547914052732375,0.03501834833145872,0.005962247543747523,0.005962247543747523,0.0,0.0013979709996634416,-1.1029857822853746,0.0806960227065616
2004br,187.783,0.6132,0.02426,34.807,0.18246,35.01588403420042,-0.2088840342004161,0.18246,66809,253990,1022575,17169,2319387,6433872,4.941740405122707,4.9297515903875295,4.907668455266015,4.910485731536542,4.913981023755009,4.9133826026254,0.24845959910317675,-0.00940660504137824,0.00940660504137824,0.013333078006340959,-0.024577716545833437,0.024577716545833437,-0.013897379511393224,0.013897379511393224,0.005564882597333034,0.005564882597333034,0.0029771576045158573,0.0029771576045158573,0.013897379511393224,5,4.899857124792253,0.019791712864502466,0.007811330473762368,0.007811330473762368,0.0,0.0,-1.2761035128679654,0.2088840342004161
2004gs,129.597,17.6277,0.02829,35.5996,0.235009,35.35589709211966,0.2437029078803405,0.235009,68368,251253,989375,18166,2219980,6319286,4.9662533261517545,4.939769346366863,4.902963111820379,4.896151507142529,4.894956875366519,4.905578198588076,0.24531643941650463,-0.02221419688132112,0.02221419688132112,0.028948700609751136,-0.04565423917633727,0.04565423917633727,-0.0314636201716199,0.0314636201716199,-0.007561046619200024,0.007561046619200024,0.010734835315217734,0.010734835315217734,0.0314636201716199,6,4.859218270901171,0.07534887900001226,0.04374484091920827,0.04374484091920827,0.0,0.0,-1.2193356945906328,0.2437029078803405
2004gu,191.603,11.9489,0.0467,36.4713,0.19409,36.47262618018118,-0.0013261801811808,0.19409,66695,253678,997251,16623,2235361,6449827,4.927705640174893,4.929009907122807,4.907134644343907,4.899595051943078,4.897955481742507,4.914458251928494,0.2481030145116245,-0.008528170947957136,0.008528170947957136,0.013523076871067158,-0.01483883683575543,0.01483883683575543,-0.021218332848130933,0.021218332848130933,-0.008626818590499285,0.008626818590499285,0.016905443760587963,0.016905443760587963,0.021218332848130933,3,4.7373443328158045,0.34930346813386637,0.16979031152810276,0.16979031152810276,0.0,0.0,-0.9394113317413924,0.0013261801811808
2005de,270.597,26.0521,0.01495,34.1793,0.26677,33.949928923674754,0.2293710763252434,0.26677,105826,445615,1698310,25027,3663654,9046921,5.105396256267275,5.129506603488415,5.151810903248381,5.130807358526769,5.1125221880341,5.061410964602608,0.41154624924246597,-0.01175114250062684,0.01175114250062684,0.030935935096297572,0.03348109051212706,0.03348109051212706,0.0009382964216224254,0.0009382964216224254,-0.03517414061483792,0.03517414061483792,-0.07677098879671822,0.07677098879671822,0.0009382964216224254,8,4.269971665987121,1.9309264152186096,0.8818392372612598,0.8818392372612598,3.0,8.244974687927709e-06,2.68485394434912,0.2293710763252434
2005kc,338.531,5.5684,0.01386,34.0187,0.307194,33.78380361956941,0.234896380430591,0.307194,64788,246982,997228,16695,2255865,6808551,4.929582546019189,4.916411395417657,4.895517188823527,4.899585035529701,4.901920916551531,4.937964877348981,0.24034257825967953,-0.0011427111107315535,0.0011427111107315535,0.0174168744998682,-0.02457296094614601,0.02457296094614601,-0.012137652983283466,0.012137652983283466,0.005833203253691641,0.005833203253691641,0.04310613272951158,0.04310613272951158,0.012137652983283466,7,2.614675012544771,2.913006469592894,2.2808421762787563,2.2808421762787563,4.0,0.008220239763863924,5.2829557574409325,0.234896380430591
2006ev,322.747,13.9892,0.02759,35.6739,0.216353,35.300398912812724,0.3735010871872788,0.216353,83787,338795,1365373,20771,3116254,8703455,5.0244484238848095,5.028091942670319,5.032788401490561,5.036041764562378,5.042240606200085,5.044601856734547,0.33203946431712345,0.0068776561855666395,0.0068776561855666395,0.0078628653305135,0.006016022166471232,0.006016022166471232,0.005734584309812222,0.005734584309812222,0.00818271386620085,0.00818271386620085,0.009141298418080483,0.009141298418080483,0.005734584309812222,3,3.107551729324657,3.121796304653461,1.9252366721659038,1.9252366721659038,0.0,0.007799746054779612,2.772572974233182,0.3735010871872788
2006qo,120.035,56.3688,0.02871,35.4779,0.275376,35.388552930960714,0.0893470690392845,0.275376,48207,187327,741972,12480,1698665,4811125,4.803219493151403,4.788029232963111,4.775452823723545,4.771178237800921,4.778715612028895,4.787156849551807,0.16013983077731211,-0.006103548834457387,0.006103548834457387,0.011497440312568746,-0.0200294181427868,0.0200294181427868,-0.012155423577267567,0.012155423577267567,0.001986044173792452,0.001986044173792452,0.017399489327355747,0.017399489327355747,0.012155423577267567,4,4.877655283014163,0.081470016024597,-0.10220245929061811,0.10220245929061811,0.0,0.0,-1.2130811712152911,0.0893470690392845
2008050,204.198,5.1418,0.04627,36.2636,0.218105,36.45188692693954,-0.1882869269395399,0.218105,64872,263087,1047776,16111,2345090,6641877,4.914119563171334,4.916974100629415,4.922951166753654,4.921058996893882,4.91876731780935,4.927201012718628,0.2586684187581031,0.003284287611396988,0.003284287611396988,0.004620583650621235,0.006370655345655087,0.006370655345655087,0.002946629791646082,0.002946629791646082,-0.003692170574680641,0.003692170574680641,0.007120393201040226,0.007120393201040226,0.002946629791646082,6,4.833399348822887,0.24513444352654393,0.08955181793076683,0.08955181793076683,0.0,0.0,-1.0458503146911697,0.1882869269395399
2008051,229.995,4.9046,0.03835,36.0125,0.17035,36.03212555178247,-0.0196255517824681,0.17035,70822,282136,1106937,17303,2516235,7053021,4.945116616392826,4.955084437777904,4.953310171426958,4.944913432545932,4.9493589894136605,4.953285357145054,0.2789481710693023,0.0006366885625857558,0.0006366885625857558,0.00441686202213545,0.005910400607496434,0.005910400607496434,-0.007336829404510779,0.007336829404510779,-0.0045136931997389945,0.0045136931997389945,0.009075041942815982,0.009075041942815982,0.007336829404510779,6,3.9276254285376635,2.1808647432121706,1.0256847428892946,1.0256847428892946,0.0,0.0,0.9320616907277885,0.0196255517824681
2008bf,181.012,20.2452,0.02451,35.1061,0.235556,35.038538686073416,0.067561313926582,0.235556,62884,247183,1003237,16069,2276252,6340881,4.912985986725135,4.903457183886556,4.895870483137703,4.902194109701546,4.905828149050666,4.907059789936908,0.24057857813060843,-0.00111880413440038,0.00111880413440038,0.005677596941947312,-0.012346226073953161,0.012346226073953161,-0.0009111154314943457,0.0009111154314943457,0.009070233603033754,0.009070233603033754,0.005186840022969915,0.005186840022969915,0.0009111154314943457,6,4.879112123884308,0.059327569478540565,0.016758359253394417,0.016758359253394417,0.0,0.0,-1.2357061261792681,0.067561313926582
2008gg,21.346,-18.1724,0.03107,35.67,0.236835,35.56376384482163,0.1062361551783723,0.236835,111406,453918,1805268,28006,4071176,11457930,5.154236701355045,5.151822598213583,5.159828488992221,5.157332060508355,5.158327602204245,5.164016321221058,0.41690197993155037,0.0030702858509376835,0.0030702858509376835,0.0042761306850285135,0.004033622146928891,0.004033622146928891,0.00397423696531631,0.00397423696531631,-0.0016068804946822242,0.0016068804946822242,0.007458358224178136,0.007458358224178136,0.00397423696531631,7,4.983404860159083,0.12648756161398006,0.17642362883313822,0.17642362883313822,2.0,0.005903401876556239,0.8364295267920169,0.1062361551783723
2009D,58.5951,-19.1817,0.02476,35.008,0.162015,35.06096726178399,-0.0529672617839906,0.162015,110602,441740,1720974,27278,3880579,10766627,5.142798555768738,5.148677025582398,5.148017837289639,5.136564697507726,5.137504258918091,5.136989826547115,0.409012489029603,-0.00347270440749277,0.00347270440749277,0.005584647049065735,0.0037649157836037264,0.0037649157836037264,-0.008737197823474407,0.008737197823474407,-0.010318640262643848,0.010318640262643848,0.0004013775742911886,0.0004013775742911886,0.008737197823474407,5,2.833828321317897,3.0416784769819976,2.3141895159717416,2.3141895159717416,2.0,0.0,3.149798681078152,0.0529672617839906
2009dc,237.801,25.7078,0.02179,34.3468,0.19901,34.77883449732403,-0.4320344973240253,0.19901,67659,265338,1043329,17577,2327341,6252415,4.951939570097989,4.93524211208579,4.9266512153582385,4.919211831280167,4.915467824874467,4.900957984413172,0.26114004357083476,-0.015262242735928303,0.015262242735928303,0.0175254378591983,-0.018241691987639277,0.018241691987639277,-0.011563403311164896,0.011563403311164896,-0.010239130602448542,0.010239130602448542,-0.020282404913793534,0.020282404913793534,0.011563403311164896,8,4.2599197153993416,1.929422414623343,0.6667314999588969,0.6667314999588969,10.0,8.244974687927709e-06,7.366895273864496,0.4320344973240253
2009na,161.756,26.5439,0.02209,34.7477,0.199095,34.80899916138554,-0.0612991613855413,0.199095,58918,232491,935020,14813,2091908,5918578,4.877642450277367,4.875165485823984,4.8692581408086975,4.871611500948499,4.86915040625612,4.8771275674957755,0.22280158851382967,-0.0010825499593979232,0.0010825499593979232,0.003831186108683359,-0.0060480008458641136,0.0060480008458641136,-0.0025636581776278746,0.0025636581776278746,0.0002780955418116537,0.0002780955418116537,0.00642829930699811,0.00642829930699811,0.0025636581776278746,8,4.890665992244905,0.055245477100631595,-0.021407851436207714,0.021407851436207714,0.0,0.0,-1.2398771718682293,0.0612991613855413
2010Y,162.766,65.7797,0.01142,33.7403,0.254135,33.35942260335601,0.3808773966439887,0.254135,44708,179711,728931,11125,1648474,4511131,4.7533091655666,4.755305074806071,4.757427204747521,4.763477152084348,4.765689983088889,4.759195653785825,0.14809875459502003,0.00330722768162614,0.00330722768162614,0.004760747091891232,0.0029705373522504407,0.0029705373522504407,0.005894907681565932,0.005894907681565932,0.007651090543065355,0.007651090543065355,-0.005014762735724838,0.005014762735724838,0.005894907681565932,4,3.494316341396508,2.6625990999707287,1.263110863351013,1.263110863351013,0.0,0.00012367462031891561,1.4382324060639273,0.3808773966439887
2010ag,255.973,31.5017,0.03336,35.8159,0.198961,35.72173707667897,0.0941629233210292,0.198961,71588,274679,1080728,18415,2422791,6733916,4.972165416247508,4.959756414596639,4.941677166028034,4.934506941346926,4.932923748830403,4.93317787775092,0.2711773475306615,-0.013833907186810176,0.013833907186810176,0.016489420448733097,-0.021992623698508247,0.021992623698508247,-0.01821364492121026,0.01821364492121026,-0.008223636321493694,0.008223636321493694,-0.001367599519601,0.001367599519601,0.01821364492121026,6,4.962335169723546,0.13594694454963366,-0.020658003695511518,0.020658003695511518,2.0,0.0,0.1807480424350571,0.0941629233210292
2010kg,70.035,7.35,0.01595,33.9999,0.334729,34.09211606894792,-0.0922160689479199,0.334729,0,0,0,0,0,0,0.706970109961791,0.10491011863382857,-0.4971498726941338,-1.0992098640220962,-1.4513923821334587,-1.8950898813661714,-3.361947861798997,-0.8685889638065037,0.8685889638065037,0.9818347962932731,-0.8685889638065036,0.8685889638065036,-0.8685889638065035,0.8685889638065035,-0.8685889638065037,0.8685889638065037,-0.8685889638065037,0.8685889638065037,0.8685889638065035,7,2.6076612242721993,2.9065251620344306,-3.104811096966333,3.104811096966333,4.0,2.473492406378312e-05,4.3526531651144715,0.0922160689479199
2013ex,83.1942,-14.0459,0.01096,33.4336,0.283424,33.26940885919768,0.1641911408023162,0.283424,0,0,0,0,0,847260,0.706970109961791,0.10491011863382857,-0.4971498726941338,-1.0992098640220962,-1.4513923821334587,4.032927334630455,-3.361947861798997,0.4203694096649681,0.4203694096649681,1.9899266927243906,-0.8685889638065036,0.8685889638065036,-0.8685889638065035,0.8685889638065035,-0.8685889638065037,0.8685889638065037,5.819486321235401,5.819486321235401,0.8685889638065035,7,3.3583150924781506,2.6370628964573277,-3.8554649651722843,3.8554649651722843,4.0,0.000140164569694771,4.090328596692116,0.1641911408023162
2013gq,124.473,23.4696,0.01457,33.7526,0.2163,33.893416011254246,-0.1408160112542447,0.2163,69502,283957,1064315,18398,2368838,6573936,4.971764329368947,4.946913669343751,4.95610423595455,4.9278607269831065,4.923143162427355,4.9227356564257585,0.2808146003930178,-0.016501340728253756,0.016501340728253756,0.020167235229222362,-0.011296369554403995,0.011296369554403995,-0.013743792729022845,0.013743792729022845,-0.031159431065052055,0.031159431065052055,-0.005389237541207378,0.005389237541207378,0.013743792729022845,8,3.4971664154458333,2.4660647187703484,1.4589378205087167,1.4589378205087167,0.0,0.0,1.2234764894181467,0.1408160112542447
2013gs,142.787,46.3848,0.01748,34.2221,0.320412,34.29344730935766,-0.0713473093576624,0.320412,46569,182279,723565,12541,1629234,4572478,4.805336906401122,4.7730163565665595,4.763589147216277,4.760268287367307,4.760591349101024,4.765061838204905,0.1522149194155392,-0.01218387070943497,0.01218387070943497,0.017298566402625906,-0.030114642572101093,0.030114642572101093,-0.009195788107335644,0.009195788107335644,-0.002950783365593238,0.002950783365593238,0.005381244922570818,0.005381244922570818,0.009195788107335644,8,4.871030483461407,0.06899280782976047,-0.10744133624513008,0.10744133624513008,0.0,0.0,-1.225830271586705,0.0713473093576624
2014bj,290.663,43.8908,0.04239,36.5106,0.426487,36.25580119942797,0.2547988005720327,0.426487,0,0,0,0,1777,1187087,0.706970109961791,0.10491011863382857,-0.4971498726941338,-1.0992098640220962,1.798539374500736,4.179393033458518,-3.361947861798997,0.8990114927174181,0.8990114927174181,1.9064615231574142,-0.8685889638065036,0.8685889638065036,-0.8685889638065035,0.8685889638065035,1.771079750932223,1.771079750932223,5.71403343078068,5.71403343078068,0.8685889638065035,1,5.023072874065661,0.0,-5.520222746759795,5.520222746759795,0.0,0.0,-1.2963265090616305,0.2547988005720327
2016hpw,317.283,-18.1039,0.02019,34.8165,0.241825,34.6107077262156,0.2057922737843966,0.241825,0,0,0,0,0,138747,0.706970109961791,0.10491011863382857,-0.4971498726941338,-1.0992098640220962,-1.4513923821334587,3.247136850282784,-3.361947861798997,0.24951106231385442,0.24951106231385442,1.6997781007298303,-0.8685889638065036,0.8685889638065036,-0.8685889638065035,0.8685889638065035,-0.8685889638065037,0.8685889638065037,4.932946062309514,4.932946062309514,0.8685889638065035,2,4.9641527951570446,0.09706540533856006,-5.461302667851179,5.461302667851179,0.0,0.0,-1.197145941106903,0.2057922737843966
20227,349.12,-0.0985,0.27574,40.6631,0.213576,40.624325462366414,0.0387745376335857,0.213576,113017,437431,1710319,30119,3493211,8488028,5.185825077490454,5.158057736259934,5.143760677646902,5.133867510248651,5.091832561258631,5.033716973329947,0.4061687151960076,-0.044420630055555944,0.044420630055555944,0.05413747245356391,-0.030343050526132065,0.030343050526132065,-0.017449559552230882,0.017449559552230882,-0.04371412748711454,0.04371412748711454,-0.10949006241678351,0.10949006241678351,0.017449559552230882,7,5.12012166315376,0.03959196648440355,0.023639014493141985,0.023639014493141985,0.0,0.0472635302807465,4.070997129395004,0.0387745376335857
20430,312.417,0.4686,0.16593,39.4938,0.241887,39.39155911353368,0.1022408864663262,0.241887,93938,375838,1576478,22771,3620084,10205150,5.064371285101301,5.077756051351471,5.077851971207629,5.098478325939808,5.107326385802351,5.113729553749769,0.3621418356548835,0.01678346039896016,0.01678346039896016,0.01943943338219462,0.009724259496689851,0.009724259496689851,0.014947961392266649,0.014947961392266649,0.02714414440678147,0.02714414440678147,0.01646967281563158,0.01646967281563158,0.014947961392266649,7,5.138453405869453,0.06422651323829466,-0.060601434661823994,0.060601434661823994,0.0,0.006547610997138111,-0.49274739612462737,0.1022408864663262
300105,351.71,-0.7301,0.09181,38.1602,0.266341,38.00666607780474,0.1535339221952654,0.266341,110388,422526,1647001,28108,3502166,8411578,5.1558155054729315,5.147835917775983,5.128704593435014,5.117484262523758,5.092944469336764,5.029787646728909,0.3961112820924076,-0.036807591587440465,0.036807591587440465,0.04611954417191065,-0.01955638917554031,0.01955638917554031,-0.02189409125757787,0.02189409125757787,-0.03078829325878088,0.03078829325878088,-0.09689659708514414,0.09689659708514414,0.02189409125757787,6,5.106012231978471,0.10163673172001486,0.022692361456543075,0.022692361456543075,0.0,0.006856997125453501,-0.41965238967580965,0.1535339221952654
310039,36.2156,-3.3448,0.17156,39.4603,0.214715,39.47116657015734,-0.01086657015734,0.214715,108983,434696,1685622,27601,3817544,10665982,5.147910661501455,5.142272862246402,5.141036770284967,5.127550584482632,5.130391782949682,5.132911005780041,0.4043491507138012,-0.006133744824225707,0.006133744824225707,0.00790974184736917,-0.004958464384818612,0.004958464384818612,-0.010619878560189856,0.010619878560189856,-0.010741212076290054,0.010741212076290054,0.005811052441973222,0.005811052441973222,0.010619878560189856,7,5.033332715850554,0.13011501654906146,0.10770405443441344,0.10770405443441344,0.0,0.0031241355949939496,-0.8112682760011988,0.01086657015734
350235,184.35,48.3462,0.26384,40.5588,0.167704,40.51537712415737,0.04342287584263,0.167704,50330,200516,757486,12337,1670157,4547963,4.798214875869752,4.806745677883889,4.80500132567461,4.780165319849657,4.7713651760095255,4.762727136948728,0.17987816894692646,-0.014197135540261354,0.014197135540261354,0.01854305464314663,0.0048953887393554055,0.0048953887393554055,-0.019173675360519556,0.019173675360519556,-0.031178379719653742,0.031178379719653742,-0.01894101845773516,0.01894101845773516,0.019173675360519556,7,4.783878671665346,0.01866242465466358,0.02112265400926372,0.02112265400926372,0.0,0.0,-1.2772574095178144,0.04342287584263
360139,185.739,47.5675,0.38594,41.5217,0.152114,41.46689214696262,0.0548078530373814,0.152114,47911,198688,759451,11977,1665499,4583540,4.785354418709981,4.785354418709981,4.801023951277586,4.781290466126819,4.770152254893737,4.766111239122838,0.1772212910786125,-0.007115199032496758,0.007115199032496758,0.012462048317181501,0.011303178464165965,0.011303178464165965,-0.0029315221190678955,0.0029315221190678955,-0.0281403391743961,0.0281403391743961,-0.016197686135387225,0.016197686135387225,0.0029315221190678955,6,4.786542988772659,0.01881663724504867,0.014480962504927142,0.014480962504927142,0.0,0.0,-1.2770998364643995,0.0548078530373814
360156,150.807,1.8953,0.04673,36.5081,0.209562,36.47406617947381,0.03403382052619,0.209562,66027,255807,1019756,15454,2272428,6313469,4.896039119361115,4.92463826124807,4.9107642495498585,4.909286831139813,4.905097940832091,4.905178239785768,0.2505275832798113,-0.00038365441846270783,0.00038365441846270783,0.009424129090644865,0.010621936149872425,0.010621936149872425,-0.011073716043868198,0.011073716043868198,-0.0048318256146479156,0.0048318256146479156,-0.004286465948819051,0.004286465948819051,0.011073716043868198,0,,,,,0.0,0.0,,0.03403382052619
420352,35.1822,-3.9625,0.38886,41.383,0.199578,41.4860269789141,-0.1030269789140945,0.199578,108984,440235,1730990,26221,3866288,10638082,5.125635923015267,5.1422768471661096,5.146535681111739,5.139084945817192,5.135901931711755,5.131773493065596,0.40802241176923887,0.0006413895328136944,0.0006413895328136944,0.0074924145189864426,0.015075988680779431,0.015075988680779431,-0.002302470123544997,0.002302470123544997,-0.009794463013047285,0.009794463013047285,-0.007983763557977946,0.007983763557977946,0.002302470123544997,6,5.126156990159635,0.014860027735870888,0.02037869095210354,0.02037869095210354,0.0,0.0006161192173140471,-1.2117025217078794,0.1030269789140945
430003,333.38,-0.4529,0.32843,40.934,0.295651,41.05983572799887,-0.1258357279988686,0.295651,107511,422556,1670329,27447,3530201,8815835,5.145480815009908,5.136367059563854,5.128735427847836,5.123592417317591,5.09640717452218,5.050173621085559,0.3961318794163786,-0.02720926962547218,0.02720926962547218,0.035162579994216396,-0.01207924350824315,0.01207924350824315,-0.00921495650890755,0.00921495650890755,-0.027056723586060538,0.027056723586060538,-0.08056780499475263,0.08056780499475263,0.00921495650890755,7,5.142732930340054,0.017810222628776472,-0.013997502492218317,0.013997502492218317,0.0,0.006863079550561315,-0.5046200472459208,0.1258357279988686
450339,36.2874,-3.3534,0.40927,41.7061,0.274957,41.61617084497699,0.0899291550230074,0.274957,107902,434789,1682680,27540,3814207,10660432,5.1469498151854305,5.137943638064966,5.141129674231711,5.1267919268966935,5.130011990579969,5.132684963633159,0.4044112103580144,-0.00543386461351927,0.00543386461351927,0.007504457118017042,-0.004198344245603118,0.004198344245603118,-0.008044259199946495,0.008044259199946495,-0.011257438884586834,0.011257438884586834,0.006380399986987934,0.006380399986987934,0.008044259199946495,6,5.127057991306306,0.016064501733671056,0.014071682925404616,0.014071682925404616,0.0,0.0006161192173140471,-1.210471800888532,0.0899291550230074
460003,128.835,43.8555,0.15067,39.1687,0.134119,39.16239469709275,0.0063053029072506,0.134119,48361,193587,750463,12148,1692022,4816024,4.791510642023275,4.789414371347861,4.789728560364481,4.77611999981057,4.777013880059613,4.787598851313386,0.1696759933179989,-0.0036214988064329793,0.0036214988064329793,0.006830822108649127,-0.001285500185800568,0.001285500185800568,-0.009589861944292448,0.009589861944292448,-0.012441275126866986,0.012441275126866986,0.012876153042372978,0.012876153042372978,0.009589861944292448,4,4.811338408317477,0.06666395060623681,-0.021609847952995587,0.021609847952995587,0.0,0.0,-1.228209877186753,0.0063053029072506
460105,129.37,44.0453,0.21071,39.9632,0.223017,39.96571433587724,-0.0025143358772368,0.223017,48105,192274,753820,11827,1679673,4812186,4.779881425815871,4.787109365576955,4.786772947332877,4.778058367867138,4.773832617604602,4.787252614169911,0.16770164992783526,-0.0006348025100192592,0.0006348025100192592,0.005710872851167208,0.004971181958382075,0.004971181958382075,-0.006528914755525327,0.006528914755525327,-0.011864261325283105,0.011864261325283105,0.010725059260977625,0.010725059260977625,0.006528914755525327,3,4.786321545733731,0.006674402280771896,0.0004514015991459175,0.0004514015991459175,0.0,0.0,-1.2895066641678048,0.0025143358772368
490007,184.268,46.6275,0.05513,36.8676,0.194374,36.8456865921438,0.0219134078562035,0.194374,45628,188391,763767,11242,1686390,4607392,4.757852320625821,4.764151069562071,4.7779125839919026,4.783751594526134,4.775565893644744,4.768365376784484,0.16178294554751027,0.0050457602712427555,0.0050457602712427555,0.009565760586313511,0.014470421238586379,0.014470421238586379,0.014138790082236972,0.014138790082236972,-0.0009989314895843303,0.0009989314895843303,-0.016677140502995496,0.016677140502995496,0.014138790082236972,0,,,,,0.0,0.0,,0.0219134078562035
500301,215.548,52.6318,0.3255,41.2625,0.255286,41.0373746970852,0.2251253029148046,0.255286,43421,176646,708026,10710,1638861,4601197,4.736800129272449,4.742619941643525,4.749956393506342,4.750839955429578,4.763150003309073,4.767781040978654,0.1431082681424766,0.010112270903008142,0.010112270903008142,0.011813435467648499,0.009490238583431088,0.009490238583431088,0.005929486562588687,0.005929486562588687,0.01085341428469881,0.01085341428469881,0.018087834412720705,0.018087834412720705,0.005929486562588687,8,4.7826664030547645,0.02930367333068687,-0.03271000954842229,0.03271000954842229,0.0,0.0,-1.2663842762552038,0.2251253029148046
510550,243.275,55.6117,0.24106,40.3291,0.130654,40.2935242729349,0.035575727065094,0.130654,50540,200173,803022,12386,1824956,5031065,4.799936247556156,4.80855394921704,4.804257794905623,4.80551812039735,4.809860253846581,4.806570133285714,0.17938149193155417,0.0018387751173866177,0.0018387751173866177,0.003507211509172669,0.003117337465021517,0.003117337465021517,-0.0021898875915771993,0.0021898875915771993,0.004746239476560946,0.004746239476560946,0.0008252255149804732,0.0008252255149804732,0.0021898875915771993,6,4.788143939698476,0.032665796535701834,0.0161138552071467,0.0161138552071467,0.0,0.0,-1.2629488886642894,0.035575727065094
520071,215.504,53.6193,0.41152,41.8131,0.149106,41.630147425508014,0.1829525744919848,0.149106,42958,172714,714805,10194,1658706,4616193,4.71535734007595,4.737964281932017,4.740180184238336,4.754978325245135,4.768377295318669,4.769194170809029,0.13657778057771303,0.017839424995434144,0.017839424995434144,0.0206876763056854,0.01790589708691732,0.01790589708691732,0.012273037956652732,0.012273037956652732,0.02520126271590021,0.02520126271590021,0.014922479054327982,0.014922479054327982,0.012273037956652732,7,4.786754567215778,0.02479765479245208,-0.04657438297744143,0.04657438297744143,0.0,0.0,-1.270988485924734,0.1829525744919848
550137,334.754,0.0297,0.41931,41.4604,0.22264,41.67799547329698,-0.2175954732969813,0.22264,110283,450871,1745639,26612,3653095,8771887,5.132063943927234,5.147422628211412,5.156903392944944,5.142744820860716,5.111268703087612,5.04800319657633,0.4149480218237798,-0.02339852631833489,0.02339852631833489,0.03995005416205216,0.01791787495813236,0.01791787495813236,-0.0033743247335419344,0.0033743247335419344,-0.03926510348073829,0.03926510348073829,-0.10426712863846974,0.10426712863846974,0.0033743247335419344,2,2.315792777576851,3.978101646190945,2.841110615368093,2.841110615368093,1.0,0.0,3.437544961316846,0.2175954732969813
550154,36.3556,-3.5962,0.21003,40.1479,0.148877,39.95788024910866,0.1900197508913379,0.148877,108457,434265,1678323,27254,3816116,10639081,5.142416296325506,5.140171710278791,5.14060595576916,5.125665940998066,5.130229299327172,5.131814274832127,0.40406136750856564,-0.0048371032480633335,0.0048371032480633335,0.006827471280247031,-0.0013058846714806645,0.0013058846714806645,-0.010463700702790792,0.010463700702790792,-0.010749123334621413,0.010749123334621413,0.006556542409489394,0.006556542409489394,0.010463700702790792,8,5.073190859776158,0.10577628901902655,0.06741509599300155,0.06741509599300155,0.0,0.004028060671310509,-0.7342598694778035,0.1900197508913379
560054,353.296,-0.3364,0.4798,41.8956,0.237796,42.02367916061191,-0.1280791606119038,0.237796,116552,465032,1731289,31262,3486730,8471200,5.202000760578143,5.171433575097699,5.1703339000009425,5.139159956511247,5.091026060877153,5.032855105197961,0.4239195727504466,-0.05122358611554598,0.05122358611554598,0.06236647688764413,-0.02284281135762443,0.02284281135762443,-0.02328049474310765,0.02328049474310765,-0.06925858126792823,0.06925858126792823,-0.11592544792455385,0.11592544792455385,0.02328049474310765,1,5.161444328186219,0.0,0.008889571814723496,0.008889571814723496,0.0,0.0,-1.2963265090616305,0.1280791606119038
560150,333.961,1.2276,0.19957,39.8965,0.17155,39.83431581805524,0.0621841819447652,0.17155,118861,448698,1640226,30057,3452903,8719779,5.184930190076278,5.179953152158713,5.154805228942872,5.115694092577571,5.08679212183145,5.045415646457301,0.4135464526113444,-0.04720125407411726,0.04720125407411726,0.05536852704034045,-0.021730566017068492,0.021730566017068492,-0.046353113294951384,0.046353113294951384,-0.06131780373784216,0.06131780373784216,-0.07688182432189987,0.07688182432189987,0.046353113294951384,8,5.1365583994925625,0.06005488232288554,0.018246829450309754,0.018246829450309754,0.0,0.023301577489771578,1.3912574673393636,0.0621841819447652
560152,334.8,1.1602,0.24851,40.3657,0.261564,40.3681352973562,-0.0024352973562002,0.261564,113622,441944,1646818,28412,3469395,8672964,5.160487201293333,5.160376370449258,5.148218352123827,5.1174360049589,5.088861491303138,5.043077712419798,0.40914643252399013,-0.03812338474690458,0.03812338474690458,0.04681572927300798,-0.008850103927130485,0.008850103927130485,-0.030974926173449983,0.030974926173449983,-0.05299310613529739,0.05299310613529739,-0.08151204140976097,0.08151204140976097,0.030974926173449983,8,5.151097602785487,0.030230788582989686,-0.002879250661660393,0.002879250661660393,0.0,0.043118853527545735,3.59430329662605,0.0024352973562002
570056,37.0067,-3.495,0.28998,40.7298,0.234493,40.74913259073442,-0.0193325907344217,0.234493,108087,417245,1660811,28462,3772651,10618399,5.16125078275789,5.138687599607804,5.123242309238925,5.121110610100841,5.125254364374183,5.1309692000195195,0.39246248755048835,-0.009967349259608174,0.009967349259608174,0.01503389879430963,-0.027417318128785128,0.027417318128785128,-0.012679117797726805,0.012679117797726805,0.0013030726346466616,0.0013030726346466616,0.010777457531339902,0.010777457531339902,0.012679117797726805,7,5.127286135700723,0.005528166574646424,-0.004043826461797906,0.004043826461797906,0.0,0.013789850544201752,0.26351678003824475,0.0193325907344217
580235,150.235,2.5796,0.33154,41.0301,0.218692,41.08347504960542,-0.053375049605421,0.218692,72532,265171,1004411,18540,2265373,6315835,4.975103263867894,4.96544575909711,4.92637779150511,4.90270202869128,4.9037475296139315,4.9053409630195235,0.26095739700263887,-0.02727638696306738,0.02727638696306738,0.03269859930656995,-0.03514799867138013,0.03514799867138013,-0.04526003435168269,0.04526003435168269,-0.022058900121873344,0.022058900121873344,0.0028902008612538377,0.0028902008612538377,0.04526003435168269,1,4.927269467828349,0.0,-0.0008916763232393876,0.0008916763232393876,0.0,0.0,-1.2963265090616305,0.053375049605421
590005,151.018,1.2155,0.17137,39.5424,0.275502,39.46851993198311,0.0738800680168907,0.275502,61954,249280,1020318,15154,2273253,6307167,4.887526050665432,4.8969864799477545,4.8995393054902925,4.909526109975507,4.905255581807718,4.904744517805559,0.24302934387161237,0.006042778897660127,0.006042778897660127,0.007792786151122327,0.008665731580380738,0.008665731580380738,0.009045431027810746,0.009045431027810746,0.006194363472793936,0.006194363472793936,-0.005038955373700079,0.005038955373700079,0.009045431027810746,0,,,,,0.0,0.0,,0.0738800680168907
744,329.198,0.3175,0.12694,38.6849,0.280884,38.75879710381835,-0.0738971038183535,0.280884,110461,458415,1701786,27968,3598141,9108761,5.153647048902297,5.148123020830382,5.164109894621317,5.131695337723261,5.104685916564657,5.064369473312181,0.4197619500338705,-0.02733885257595898,0.02733885257595898,0.03734264320434134,0.007547347816208644,0.007547347816208644,-0.011850068475969635,0.011850068475969635,-0.05330118788598553,0.05330118788598553,-0.07370831542143262,0.07370831542143262,0.011850068475969635,7,5.111050381161591,0.05232796860806902,0.05305951345972648,0.05305951345972648,0.0,0.012989476597674474,0.221129701503602,0.0738971038183535
762,15.5353,-0.879,0.19009,39.8807,0.15799,39.71702574182423,0.1636742581757673,0.15799,115652,454367,1782384,28782,3936014,10747664,5.166106167649408,5.168067021339666,5.1602578648134285,5.151791654599097,5.143664362708369,5.13622423983757,0.41718880209176973,-0.010720800615795681,0.010720800615795681,0.012732149500765514,-0.004218658749542388,0.004218658749542388,-0.011740195442633921,0.011740195442633921,-0.014792866526752702,0.014792866526752702,-0.016886434696584785,0.016886434696584785,0.011740195442633921,6,5.146058155771141,0.026306987040076155,0.014199709042287623,0.014199709042287623,0.0,0.00949344130861262,-0.1994813849708733,0.1636742581757673
ASASSN-15fs,284.67,43.4689,0.0285,35.2391,0.185823,35.37228401351213,-0.1331840135121282,0.185823,96619,331300,1077904,24919,2214728,5295288,5.103518147948923,5.089977151784329,5.023072874065661,4.933370622437305,4.893928210274406,4.828799786133085,0.32554951209800836,-0.09643075785750421,0.09643075785750421,0.11103348425086192,-0.05802899884716823,0.05802899884716823,-0.11296773162989174,0.11296773162989174,-0.11882969680178299,0.11882969680178299,-0.11469304951924676,0.11469304951924676,0.11296773162989174,5,3.920219837017315,2.471385203833091,1.1028530370483458,1.1028530370483458,1.0,0.0,1.8979955000175448,0.1331840135121282
ASASSN-15nr,261.674,13.9098,0.02309,34.8331,0.263771,34.9067128201049,-0.0736128201048984,0.263771,110257,442626,1755480,26811,3746650,9902123,5.13529932068348,5.147320229062209,5.148888029426174,5.1451862693293675,5.122250858376066,5.1006384791446004,0.40959377557644433,-0.010785846182972549,0.010785846182972549,0.018834462066171745,0.009802181357584745,0.009802181357584745,-0.0015393265620134852,0.0015393265620134852,-0.022210395102391384,0.022210395102391384,-0.04834909848009546,0.04834909848009546,0.0015393265620134852,7,4.226221207333724,2.0847846983795963,0.9226668220924497,0.9226668220924497,1.0,0.0,1.5029705416534123,0.0736128201048984
ASASSN-15tg,5.171,25.229,0.03445,35.861,0.1686,35.7932381069475,0.0677618930524985,0.1686,55500,238318,964014,13202,2182321,5940319,4.8276427332443985,4.849210926811809,4.880008795192473,4.8848739275223805,4.887526448676982,4.8787199593205655,0.22998300339987127,0.018685191044679344,0.018685191044679344,0.02411173373969227,0.037774128941685574,0.037774128941685574,0.025725417134180615,0.025725417134180615,0.0068618193523916045,0.0068618193523916045,-0.007163933782717968,0.007163933782717968,0.025725417134180615,4,3.528655814620662,2.684205632305341,1.3513529805718107,1.3513529805718107,0.0,0.0,1.4463709349015863,0.0677618930524985
ASASSN-16aj,65.4509,-15.7554,0.03053,35.4654,0.177866,35.52485286570077,-0.05945286570077,0.177866,72556,278484,1211705,19744,2782531,7802840,5.002427248034354,4.9655894363686075,4.947651935100469,4.984187394367216,4.99304778542621,4.997162875936885,0.27516848090968593,0.0033714991200354365,0.0033714991200354365,0.021083153129814913,-0.039512036166428684,0.039512036166428684,0.013415590887626639,0.013415590887626639,0.04254741433709422,0.04254741433709422,0.013901115685296835,0.013901115685296835,0.013415590887626639,3,5.121269084722308,0.056865977398778356,-0.1736171496218395,0.1736171496218395,0.0,0.0,-1.2382213590749853,0.05945286570077
ASASSN-16av,177.868,22.0261,0.02676,35.3467,0.289875,35.23277472695856,0.1139252730414384,0.289875,63201,254317,1010409,15990,2285602,6271106,4.9108457332391255,4.9056409401950205,4.908227226860353,4.905287771746999,4.907608415280864,4.90225432956914,0.24883285737213656,-0.0018900484839222674,0.0018900484839222674,0.002939590340414159,-0.0018888530835957462,0.0018888530835957462,-0.0002547571842794317,0.0002547571842794317,-0.0009592641105268996,0.0009592641105268996,-0.0036156677232983183,0.0036156677232983183,0.0002547571842794317,7,4.878611519521235,0.053398765031349056,0.02961570733911767,0.02961570733911767,0.0,0.0,-1.2417641258374776,0.1139252730414384
ASASSN-16br,236.376,-13.1528,0.029,35.5064,0.190895,35.41082871127588,0.0955712887241162,0.190895,0,0,0,0,0,0,0.706970109961791,0.10491011863382857,-0.4971498726941338,-1.0992098640220962,-1.4513923821334587,-1.8950898813661714,-3.361947861798997,-0.8685889638065037,0.8685889638065037,0.9818347962932731,-0.8685889638065036,0.8685889638065036,-0.8685889638065035,0.8685889638065035,-0.8685889638065037,0.8685889638065037,-0.8685889638065037,0.8685889638065037,0.8685889638065035,3,4.934726538966552,0.016278650376903483,-5.431876411660686,5.431876411660686,0.0,0.0,-1.2796931288754938,0.0955712887241162
ASASSN-16ct,228.476,4.7573,0.04252,36.2457,0.207056,36.2626488099897,-0.0169488099896994,0.207056,63959,266090,1071238,15246,2500113,7021598,4.890154510260007,4.910818573708026,4.927880312956701,4.930676511386332,4.94656742991544,4.951346142131145,0.2619610782236941,0.019804637629909076,0.019804637629909076,0.02282927504844822,0.027213414232037967,0.027213414232037967,0.014324474105386852,0.014324474105386852,0.015612498678119174,0.015612498678119174,0.021996170734673873,0.021996170734673873,0.014324474105386852,6,3.9318637382827064,2.1832208646540643,0.9960165746739942,0.9960165746739942,0.0,0.0,0.9344691546637012,0.0169488099896994
ASASSN-16fo,203.149,-5.2725,0.02994,35.4803,0.173804,35.48156064914126,-0.0012606491412583,0.173804,70646,263110,1076510,18304,2437477,6763348,4.969539843179341,4.954003843047584,4.9229891325159985,4.932808607866061,4.935548322433333,4.9350719169513075,0.2586937798088009,-0.011059839350486895,0.011059839350486895,0.016954999219549946,-0.03357923971193044,0.03357923971193044,-0.015289130343429099,0.015289130343429099,0.01172633903618236,0.01172633903618236,0.0023252983078500293,0.0023252983078500293,0.015289130343429099,8,4.169147140624162,1.8966222148869112,0.7538419918918366,0.7538419918918366,0.0,0.0,0.6416252031052749,0.0012606491412583
AT2017lm,45.3849,-15.016,0.03002,35.5542,0.216273,35.48747951914553,0.066720480854471,0.216273,84986,357363,1525985,21216,3534814,10002642,5.03365408634367,5.034262617759315,5.0559609278850655,5.084340685225444,5.096974307122064,5.105024887499358,0.3475186640063843,0.02711897820398887,0.02711897820398887,0.03143037767549703,0.016090984834833368,0.016090984834833368,0.03612368979534345,0.03612368979534345,0.03772086396589919,0.03772086396589919,0.02228392161402287,0.02228392161402287,0.03612368979534345,4,5.093982112760989,0.0989404306540431,-0.0380211848759231,0.0380211848759231,0.0,5.3592335471530103e-05,-1.1891898956223617,0.066720480854471
AT2017po,240.965,39.9901,0.03201,35.576,0.196814,35.62994434254625,-0.0539443425462522,0.196814,50627,204256,818124,12506,1826025,5025251,4.804123259807751,4.8093008900633345,4.813027076276686,4.813609799872735,4.810114574841459,4.806067963724426,0.18523935374442047,0.0009013640630430222,0.0009013640630430222,0.003750757560656274,0.006422745932359171,0.006422745932359171,0.003108221406829768,0.003108221406829768,-0.002275072635878952,0.002275072635878952,-0.008217680372364863,0.008217680372364863,0.003108221406829768,6,4.909363276347737,0.09297569485634459,-0.09633620007105037,0.09633620007105037,0.0,0.0,-1.2013247709070953,0.0539443425462522
ATLAS16bwu,18.5927,-13.1531,0.07074,37.3712,0.228257,37.41018140171683,-0.0389814017168248,0.228257,109113,423796,1547359,27165,3387032,9054386,5.140995806318037,5.142790595461138,5.13000800538131,5.090381501923416,5.0784270458805505,5.061769171679367,0.3969819585758689,-0.02945236058061955,0.02945236058061955,0.034938597760942026,-0.00792602296084607,0.00792602296084607,-0.037805169672178306,0.037805169672178306,-0.048051302058760535,0.048051302058760535,-0.03128512093905995,0.03128512093905995,0.037805169672178306,2,5.126477682333395,0.003149327882109255,0.003530323047915118,0.003530323047915118,0.0,0.0,-1.293108553839234,0.0389814017168248
ATLAS16cpu,227.956,46.251,0.01851,34.5716,0.239989,34.41940331720228,0.1521966827977152,0.239989,44986,178595,730668,11194,1674254,4736176,4.7559942078768405,4.757997151432942,4.754721855109339,4.764510817957671,4.772429222454998,4.780338043068052,0.1462915866338856,0.007940502648975237,0.007940502648975237,0.010235178265550232,-0.0009178085139679492,0.0009178085139679492,0.0046986171966152965,0.0046986171966152965,0.015903066002384843,0.015903066002384843,0.017196955438430247,0.017196955438430247,0.0046986171966152965,7,4.149542740355471,2.054443860819391,0.6051791147538674,0.6051791147538674,4.0,0.00012367462031891561,3.4931551362469717,0.1521966827977152
ATLAS17bas,166.898,22.8514,0.02331,34.5715,0.261746,34.9276501703622,-0.3561501703621985,0.261746,66184,251240,1019519,16728,2204309,6044031,4.930440091123711,4.925669691829144,4.902940640638513,4.9091858857629225,4.891880288727825,4.886236873669882,0.24530142871350913,-0.014855294162903859,0.014855294162903859,0.01775278038946286,-0.019836660421083518,0.019836660421083518,-0.011890552633356798,0.011890552633356798,-0.008013256705813286,0.008013256705813286,-0.024449968663251758,0.024449968663251758,0.011890552633356798,8,4.886455679766177,0.05545945036190814,0.01648496087233564,0.01648496087233564,0.0,0.0,-1.2396585358927599,0.3561501703621985
Gaia16aki,239.794,14.6416,0.07398,37.5535,0.176502,37.51215778881543,0.0413422111845704,0.176502,66069,259786,1086397,17079,2437807,6729459,4.9394579763147775,4.924914425442147,4.917467542058565,4.936779093402398,4.93560711577561,4.932890334651361,0.25500536880700386,0.0006819094653928468,0.0006819094653928468,0.008362870834245334,-0.015862745224215956,0.015862745224215956,0.008558548814024616,0.008558548814024616,0.017733470277394962,0.017733470277394962,-0.004289736296689368,0.004289736296689368,0.008558548814024616,0,,,,,0.0,0.0,,0.0413422111845704
PS15ahs,269.874,43.3901,0.02522,35.1974,0.185937,35.10166023631452,0.0957397636854793,0.185937,66176,257944,1039246,16868,2354526,6618227,4.934059448190856,4.925617194044894,4.914377241242446,4.917508915477709,4.920511292846506,4.925651843294507,0.252941054255443,-0.0030299432038291144,0.0030299432038291144,0.007026784390261024,-0.014197711179111302,0.014197711179111302,-0.005848886639511628,0.005848886639511628,0.005468729570141742,0.005468729570141742,0.00893689166028174,0.00893689166028174,0.005848886639511628,8,4.973316972609154,0.15112272555094353,-0.05893973136670816,0.05893973136670816,6.0,0.0,2.8725848656145265,0.0957397636854793
PS15asb,215.085,-9.3009,0.04952,36.4714,0.18553,36.60421277587589,-0.132812775875891,0.18553,3986,67852,397688,0,1034333,3358505,0.706970109961791,3.705556354296223,4.334419181286043,4.500333714629539,4.563268418650053,4.631056247140079,-0.13446972990447664,1.1103472396093967,1.1103472396093967,1.523394229684165,2.616651393138387,2.616651393138387,0.5733106781818478,0.5733106781818478,0.2116517823148088,0.2116517823148088,0.1422410226184724,0.1422410226184724,0.5733106781818478,6,4.931488013067489,0.018785532705822172,-0.5970688317814465,0.5970688317814465,0.0,0.0,-1.2771316188059627,0.132812775875891
PS15bsq,355.467,-8.6379,0.03309,35.7797,0.159699,35.70367286331549,0.0760271366845088,0.159699,67938,263898,1019354,16454,2264823,6262801,4.923267996592183,4.93702926879695,4.924287871844579,4.909115593479511,4.903642076401414,4.901678800227089,0.25956133499329587,-0.010442542866390642,0.010442542866390642,0.013909932759718292,0.0007356844844787022,0.0007356844844787022,-0.02013546047672707,0.02013546047672707,-0.01912603499806191,0.01912603499806191,-0.007934390925588878,0.007934390925588878,0.02013546047672707,6,4.962502796765366,0.12861530586637343,-0.03821492492078704,0.03821492492078704,1.0,0.01364955559586432,1.0425566712755687,0.0760271366845088
PS15cku,21.0939,3.5876,0.02222,35.0537,0.229702,34.82194542409553,0.2317545759044676,0.229702,108741,414552,1627902,28865,3478963,9159650,5.167356717247999,5.141307434985525,5.120430189661626,5.112418659491901,5.0900575525979646,5.066789045177042,0.39058399749092265,-0.031217546245600688,0.031217546245600688,0.03578891435273615,-0.03385033431749961,0.03385033431749961,-0.020838846571003145,0.020838846571003145,-0.025913958680462177,0.025913958680462177,-0.04961746390077242,0.04961746390077242,0.020838846571003145,8,3.578108099281307,2.518245645720905,1.5423220903803188,1.5423220903803188,3.0,0.00019787939251026497,3.3063443893584465,0.2317545759044676
PS16ayd,216.826,-1.6753,0.05485,36.8581,0.149593,36.83421035945601,0.0238896405439916,0.149593,72569,283016,1122043,18429,2534099,7023779,4.972495445180865,4.965667241715371,4.954662650407719,4.950800023720264,4.952431366768849,4.951481018701246,0.27985162423026994,-0.007342235244295613,0.007342235244295613,0.009003924338078867,-0.012863642292204365,0.012863642292204365,-0.010724430836678043,0.010724430836678043,-0.0024123675668486434,0.0024123675668486434,0.0006324284597826539,0.0006324284597826539,0.010724430836678043,5,4.809139095353453,0.2658947573592833,0.1455235550542655,0.1455235550542655,0.0,0.0,-1.024637610642104,0.0238896405439916
PS16dnp,344.915,2.1498,0.04998,36.8583,0.163226,36.62498532069562,0.2333146793043781,0.163226,83942,325128,1306211,20924,2933475,8132424,5.027635576627088,5.028894604836008,5.014905835584741,5.01680380522797,5.01599015728775,5.015130185394195,0.32009394728976115,-0.004862871328426627,0.004862871328426627,0.00653158325552084,-0.009182567136797864,0.009182567136797864,-0.00872166831744944,0.00872166831744944,0.0011755648484681534,0.0011755648484681534,-0.001820430807653038,0.001820430807653038,0.00872166831744944,3,4.956374027738086,0.15435544384127145,0.05853180784665479,0.05853180784665479,1.0,0.01949936513694903,1.7281645517711015,0.2333146793043781
PS17bii,171.409,7.3336,0.07467,37.4501,0.192118,37.53332131387807,-0.0832213138780701,0.192118,59814,244083,962976,14669,2198321,6189703,4.873400223805073,4.881720225704841,4.890389439130045,4.884406050420849,4.890698924052698,4.896579999602196,0.23691725207337375,0.006457503798403889,0.006457503798403889,0.008156678351726008,0.012255128348965777,0.012255128348965777,0.0019374129992408597,0.0019374129992408597,-0.0006781627190272418,0.0006781627190272418,0.013210672245643904,0.013210672245643904,0.0019374129992408597,0,,,,,0.0,0.0,,0.0832213138780701
PSNJ1602512,240.714,47.2248,0.02039,34.556,0.333904,34.63242787128218,-0.0764278712821848,0.333904,47787,197686,796771,9479,1768404,4941691,4.683778447299857,4.784228973654739,4.798828238127394,4.802124199773118,4.796189352029206,4.798785792344802,0.1757545592370543,0.030890823440452245,0.030890823440452245,0.046243791543775996,0.08299088134109991,0.08299088134109991,0.012908676988286271,0.012908676988286271,-0.0016313281386289582,0.0016313281386289582,-0.003272106635643637,0.003272106635643637,0.012908676988286271,8,4.246583739030232,1.9216596873977947,0.5522444990971618,0.5522444990971618,4.0,0.0,3.3435386149674198,0.0764278712821848
SCP05D0,35.4253,-3.3648,1.01236,44.1177,0.367085,43.98437482555363,0.1333251744463695,0.367085,107666,429131,1735799,26495,3854712,10698871,5.130150425066577,5.136992730808147,5.135441028007842,5.140289820009531,5.134599666360838,5.134248110337792,0.4006112064498648,0.0010923955645790837,0.0010923955645790837,0.00334357807042793,0.0038163633133380614,0.0038163633133380614,0.002378347120102582,0.002378347120102582,6.989805678615643e-05,6.989805678615643e-05,-0.006342392948848479,0.006342392948848479,0.002378347120102582,2,5.126869831720992,0.0038537246587001498,0.008571196286850657,0.008571196286850657,0.0,0.0,-1.2923888074772414,0.1333251744463695
SN2016ajf,49.9771,41.565,0.01978,34.7627,0.339971,34.56551026667485,0.1971897333251533,0.339971,0,0,0,0,0,0,0.706970109961791,0.10491011863382857,-0.4971498726941338,-1.0992098640220962,-1.4513923821334587,-1.8950898813661714,-3.361947861798997,-0.8685889638065037,0.8685889638065037,0.9818347962932731,-0.8685889638065036,0.8685889638065036,-0.8685889638065035,0.8685889638065035,-0.8685889638065037,0.8685889638065037,-0.8685889638065037,0.8685889638065037,0.8685889638065035,6,2.2116561143871394,2.9695731139646417,-2.708805987081273,2.708805987081273,4.0,0.0,4.414287234949707,0.1971897333251533
SN2016glp,354.058,23.696,0.08366,37.9686,0.221594,37.7931733593061,0.1754266406938995,0.221594,63292,251862,1019647,16317,2271126,6318895,4.919637038755214,4.906265799749484,4.904014499345165,4.909240407699081,4.904849038240854,4.905551326189967,0.2460187641078175,-0.0034148020682380686,0.0034148020682380686,0.005854415323148433,-0.011269280066484793,0.011269280066484793,0.002145726068736502,0.002145726068736502,0.0014896886181048822,0.0014896886181048822,-0.003796303675482465,0.003796303675482465,0.002145726068736502,2,5.126477682333395,0.003149327882109255,-0.2224631829882293,0.2224631829882293,0.0,0.0,-1.293108553839234,0.1754266406938995
SN2017jl,14.3829,30.1852,0.01529,33.7706,0.30219,33.99930114641883,-0.2287011464188282,0.30219,56464,235875,955664,13425,2043658,5040269,4.834916752810693,4.856689451110409,4.875533881681021,4.88109581680176,4.859016050046937,4.807363920232002,0.22699377043249158,-0.0037734447724036566,0.0037734447724036566,0.027403293739694263,0.02929906519818562,0.02929906519818562,0.017605471374517245,0.017605471374517245,-0.012552100048453153,0.012552100048453153,-0.08134630142880375,0.08134630142880375,0.017605471374517245,7,1.8275385886816007,2.901249554487079,3.0479952929994205,3.0479952929994205,5.0,1.6489949375855417e-05,5.015415926934441,0.2287011464188282
carter,150.061,2.1924,1.54295,45.0902,0.371014,45.10435113174808,-0.014151131748072,0.371014,72325,269801,1011069,19002,2256885,6348478,4.985792278314479,4.964204565675309,4.933895292010708,4.905571360373393,4.902117240381906,4.907579805968166,0.2659790717872176,-0.029571062419268532,0.029571062419268532,0.03496737913497336,-0.03743576238876663,0.03743576238876663,-0.04229491726024955,0.04229491726024955,-0.030211047539707696,0.030211047539707696,0.002553662686316183,0.002553662686316183,0.04229491726024955,1,4.925984545339157,0.0,0.007910746671551117,0.007910746671551117,0.0,0.0,-1.2963265090616305,0.014151131748072
iPTF17dz,126.107,24.9978,0.09284,38.2226,0.493293,38.032352010055774,0.1902479899442255,0.493293,64374,255800,1027855,15949,2287373,6482560,4.909730797354991,4.913627360683076,4.9107523652344005,4.9127224113512415,4.90794479815176,4.9166567307452915,0.25051964458167314,0.0008894849767080947,0.0008894849767080947,0.0030968549245396233,0.0007369054567780436,0.0007369054567780436,-0.0006527829566468619,0.0006527829566468619,-0.0019743187616685504,0.0019743187616685504,0.004836699681521456,0.004836699681521456,0.0006527829566468619,1,4.789728560364481,0.0,0.12102380486991926,0.12102380486991926,0.0,0.0,-1.2963265090616305,0.1902479899442255
