CID,RA,DEC,zCMB,MU_SH0ES,MU_SH0ES_ERR_DIAG,mu_model,resid_mu,resid_mu_err,n_025cdeg,n_050cdeg,n_100cdeg,n_200cdeg,n_300cdeg,n_500cdeg
000137,161.159,57.8111,0.11878,38.5629,0.212381,38.60345455023139,-0.0405545502313913,0.212381,11947,47060,184648,737925,1666617,4506377
000190,148.988,2.2635,0.10237,38.4085,0.187412,38.257946708289325,0.150553291710672,0.187412,16076,63668,256325,1024085,2259482,6363534
000196,150.115,2.694,0.35066,41.2342,0.163121,41.22445868008809,0.0097413199119102,0.163121,17652,71443,263541,1006289,2265748,6320893
000220,150.537,2.7186,0.21982,40.0616,0.124319,40.06846989984891,-0.0068698998489082,0.124319,16598,68292,262261,1002547,2273467,6291616
000420,149.82,1.6135,0.31152,41.0123,0.141744,40.92756648694648,0.0847335130535285,0.141744,14969,65126,271318,1015284,2253335,6362278
010026,160.674,58.8438,0.03174,35.6746,0.20211,35.611131894952905,0.0634681050470931,0.20211,10861,43649,180997,733460,1654685,4499760
020090,212.879,53.5796,0.40995,41.6836,0.279968,41.62040238271712,0.0631976172828814,0.279968,11031,44997,179633,749475,1642062,4561638
020096,161.314,58.1927,0.22563,39.9865,0.175963,40.13196404296932,-0.1454640429693157,0.175963,12376,47946,182798,738444,1669475,4506658
03D1au,36.0432,-4.0375,0.50309,42.1444,0.228687,42.14601286532552,-0.0016128653255194,0.228687,27353,111580,437570,1695136,3836750,10623901
03D1aw,36.0616,-4.5172,0.58073,42.7061,0.239821,42.51860366297305,0.1874963370269498,0.239821,26497,109486,429574,1704963,3824744,10549940
03D1bp,36.6572,-4.8388,0.34594,41.3318,0.136683,41.19032803835758,0.1414719616424236,0.136683,26522,104589,417035,1718353,3788989,10498798
03D4dy,333.711,-17.9565,0.60826,42.5904,0.228388,42.63950192185747,-0.0491019218574706,0.228388,0,0,0,0,0,780932
03D4fd,334.06,-17.3956,0.78905,43.3837,0.271177,43.32368456709361,0.0600154329063897,0.271177,0,0,0,0,52038,1172847
040137,214.46,52.801,0.44756,41.8552,0.223954,41.84484757534799,0.0103524246520123,0.223954,10582,45124,179770,715443,1634386,4585988
040150,162.098,57.1482,0.38174,41.5615,0.198898,41.4391329145036,0.1223670854963998,0.198898,11734,48054,186818,751473,1675293,4539443
040201,184.46,47.4468,0.27987,40.5664,0.153331,40.6611242016092,-0.0947242016091962,0.153331,13286,51348,194083,772326,1681891,4580970
040780,243.62,54.7258,0.23066,40.0717,0.296847,40.185724173516704,-0.1140241735167038,0.296847,13745,53323,210719,820965,1830210,5059653
040782,242.077,54.9081,0.33739,41.0098,0.23724,41.127391564297135,-0.1175915642971361,0.23724,11969,49703,200593,807879,1806416,5014587
04D1ks,36.0396,-4.9787,0.79656,42.9026,0.372096,43.34872183934219,-0.4461218393421902,0.372096,26489,102937,421732,1710610,3809067,10518274
04D1pp,36.302,-4.7016,0.73362,42.9845,0.195902,43.13143787158884,-0.1469378715888396,0.195902,25562,107296,421704,1709340,3804797,10525556
04D1qd,36.6378,-4.1072,0.7656,43.2369,0.225434,43.2439955810626,-0.0070955810626003,0.225434,26429,106185,426641,1681299,3804825,10587955
04D2cf,150.484,1.8795,0.37059,41.3759,0.163241,41.36404320495852,0.0118567950414814,0.163241,17212,68093,264455,1014580,2267038,6335425
04D2fp,149.867,2.321,0.41664,41.7295,0.149208,41.66168936418367,0.067810635816329,0.149208,19642,69108,268320,1011102,2257692,6346114
04D2mh,149.941,2.141,0.59184,42.4508,0.255828,42.56803277595431,-0.1172327759543065,0.255828,18122,69678,270470,1012943,2257360,6348807
04D2mj,150.152,2.5771,0.51475,42.3259,0.402924,42.2052798829697,0.1206201170302989,0.402924,18419,71964,265309,1005881,2264897,6320641
04D3do,214.442,52.2676,0.61064,42.6686,0.184238,42.64970903870903,0.0188909612909711,0.184238,12222,46890,183914,716165,1619821,4565091
04D3ez,214.783,53.072,0.26348,40.3997,0.177345,40.51201101823731,-0.1123110182373068,0.177345,11119,43429,176993,717161,1643900,4601491
04D3ks,215.64,52.1852,0.75068,42.9012,0.318716,43.19205787958993,-0.2908578795899288,0.318716,10901,44215,175870,708898,1631074,4603934
04D4id,334.089,-17.229,0.76707,43.5587,0.25715,43.24905982367798,0.30964017632202,0.25715,0,0,0,0,91370,1296262
04D4in,333.786,-17.261,0.51435,42.2259,0.196162,42.203267648026014,0.0226323519739892,0.196162,0,0,0,0,86835,1274335
04D4ju,334.261,-17.3328,0.47039,42.2151,0.404516,41.97267093004389,0.2424290699561098,0.404516,0,0,0,0,62451,1216606
050003,242.219,55.0048,0.42689,41.813,0.229539,41.72376753210033,0.0892324678996701,0.229539,12093,50444,200366,806756,1808583,5017991
050005,211.812,53.9976,0.52851,42.0855,0.188829,42.27362253528853,-0.1881225352885209,0.188829,12098,48881,195292,754197,1643957,4552754
050201,241.703,54.9809,0.55011,42.3253,0.19588,42.377604486296505,-0.0523044862965065,0.19588,12930,50409,197924,801056,1798329,5001012
050203,242.793,55.1223,0.57609,42.4887,0.202103,42.49769496432906,-0.0089949643290623,0.202103,12797,50374,204341,806311,1818304,5034409
050296,243.451,55.6085,0.35087,41.2532,0.161378,41.22596731692202,0.0272326830779761,0.161378,12360,50441,201132,803715,1825116,5037188
050301,244.724,55.7829,0.34704,41.1174,0.244272,41.19832050921708,-0.0809205092170799,0.244272,12899,51565,204832,812252,1832890,5076589
050303,241.437,56.0744,0.32829,41.3079,0.308428,41.05876672249343,0.2491332775065657,0.308428,10965,44772,190227,775943,1800400,4969306
050607,213.514,53.3622,0.43926,41.8262,0.202784,41.79686616687528,0.0293338331247241,0.202784,11242,44145,177019,743934,1633685,4574996
05D1cb,36.7377,-4.1176,0.63071,42.6632,0.202856,42.73431252251416,-0.0711125225141557,0.202856,26515,105929,425401,1681449,3802339,10583678
05D1ee,36.1948,-4.0005,0.55775,42.4389,0.195189,42.41346531451403,0.025434685485969,0.195189,27814,109264,436384,1688138,3828830,10621613
05D1hm,36.9426,-4.7173,0.58575,42.707,0.37297,42.5410476974579,0.1659523025421023,0.37297,25647,102940,420106,1709987,3784443,10510591
05D1ix,36.0832,-4.67,0.48881,42.0842,0.199732,42.07165072364906,0.0125492763509456,0.199732,26876,107109,427471,1708747,3816608,10535398
05D1ke,36.6929,-4.8625,0.68867,42.8137,0.226508,42.96498658679509,-0.151286586795095,0.226508,26935,104564,418113,1719492,3786268,10495316
05D2ac,149.747,2.4895,0.48071,41.9748,0.139221,42.02856228366798,-0.0537622836679787,0.139221,17004,67448,265716,1010754,2267851,6342880
05D2bt,150.418,2.5662,0.68195,42.8376,0.239367,42.93921201426994,-0.1016120142699392,0.239367,17867,71237,264931,1002973,2269500,6307708
05D2bv,150.571,2.2406,0.47572,41.938,0.177112,42.00167869693727,-0.0636786969372664,0.177112,18564,70221,264545,1010183,2263181,6326678
05D2cb,149.852,2.3282,0.42865,41.8825,0.403543,41.73428724024453,0.1482127597554736,0.403543,19596,68966,268124,1011141,2258503,6345925
05D2dw,149.634,2.0322,0.41864,41.6174,0.202099,41.673912761206495,-0.0565127612064912,0.202099,16389,67582,267786,1019690,2257660,6353568
05D2dy,150.242,2.1831,0.51175,42.3885,0.227281,42.19015224410255,0.1983477558974513,0.227281,19082,72461,268838,1008161,2258105,6343724
05D2ec,149.859,2.0136,0.6419,42.8476,0.256941,42.780379072206586,0.0672209277934143,0.256941,16152,68118,269976,1013786,2260165,6351110
05D2hc,150.019,1.886,0.35157,41.4798,0.209505,41.230990084835824,0.2488099151641734,0.209505,15638,68027,271016,1010720,2261290,6354284
05D2he,150.361,2.3177,0.60987,42.6876,0.321483,42.64641086924567,0.0411891307543328,0.321483,19185,72818,267281,1006542,2258961,6331340
05D2mp,149.786,2.204,0.35527,41.4647,0.223042,41.2573863799696,0.2073136200304048,0.223042,18567,68042,268370,1015089,2256575,6348537
05D3cf,214.223,52.3451,0.41956,41.7981,0.235757,41.67951732114776,0.1185826788522419,0.235757,12282,46932,184027,717571,1623891,4563661
05D3jb,215.542,52.8781,0.74566,43.1675,0.195179,43.17435896307977,-0.0068589630797717,0.195179,10677,43331,176303,709553,1643217,4607165
05D3lr,215.551,53.1843,0.6006,42.6116,0.278838,42.60639158042777,0.0052084195722343,0.278838,10973,43589,174153,712207,1648963,4614629
05D3mh,214.749,52.6676,0.67065,43.0677,0.274795,42.895318492530166,0.1723815074698365,0.274795,10730,44335,180684,711216,1633053,4583207
05D3mn,214.689,52.3231,0.76069,43.0667,0.201161,43.22701205278786,-0.1603120527878658,0.201161,11719,46501,181507,713195,1619948,4570446
05D4ag,333.448,-18.1653,0.63823,42.6594,0.367516,42.76535529798218,-0.1059552979821845,0.367516,0,0,0,0,0,655151
05D4bj,333.749,-18.1334,0.69916,42.9402,0.338462,43.00474388561084,-0.0645438856108384,0.338462,0,0,0,0,0,670958
05D4ev,333.377,-17.7008,0.72013,43.1612,0.243162,43.08253563256257,0.0786643674374332,0.243162,0,0,0,0,8839,956380
05D4ff,334.084,-18.0426,0.40048,41.4918,0.158339,41.56087674537349,-0.0690767453734935,0.158339,0,0,0,0,0,728679
06D3bz,214.292,53.0248,0.72767,43.008,0.257091,43.10997610539723,-0.1019761053972274,0.257091,11466,44944,178033,725067,1635417,4594291
06D3do,214.247,52.8825,0.72667,43.0811,0.248363,43.10635253857959,-0.0252525385795934,0.248363,11098,45393,179036,721399,1634169,4586291
06D3et,215.52,52.3384,0.57661,42.4263,0.166843,42.50004607837036,-0.0737460783703625,0.166843,11130,44125,176180,707132,1633092,4600417
06D3fp,215.077,52.8972,0.26848,40.4553,0.240404,40.55838711729739,-0.1030871172973917,0.240404,10422,43244,178567,712604,1641959,4597105
090201,353.328,-0.9507,0.50817,42.0193,0.184312,42.171990754748165,-0.1526907547481641,0.184312,27283,116275,455610,1655658,3400653,8408488
091869,351.908,-1.7625,0.28843,40.7458,0.165419,40.73582531589023,0.0099746841097712,0.165419,24436,91728,343589,1436071,3191476,8288916
100090,131.828,43.4081,0.17282,39.7263,0.252568,39.488649216126575,0.2376507838734269,0.252568,12511,47614,189074,766900,1725851,4832416
100101,132.141,43.9852,0.42967,41.9219,0.19807,41.74036552575,0.1815344742500002,0.19807,11738,46417,181032,737473,1715913,4803769
100358,352.444,0.5905,0.36613,41.136,0.226225,41.33342036919453,-0.1974203691945248,0.226225,27228,112512,443862,1667558,3475381,8459797
10550,349.675,-1.2049,0.29923,41.0113,0.341681,40.82720813664015,0.1840918633598463,0.341681,31803,121286,442575,1551366,3346995,8389234
110426,130.013,44.8943,0.54089,42.2791,0.233447,42.33369777601487,-0.0545977760148659,0.233447,12000,46262,182383,739287,1669701,4764001
110716,128.986,43.4945,0.31577,41.2033,0.233304,40.961422221859536,0.2418777781404628,0.233304,12518,48755,193978,757194,1708947,4826453
120094,150.526,2.0878,0.45169,41.9923,0.154715,41.86841475863869,0.1238852413613074,0.154715,18222,69881,264766,1014077,2265125,6331138
120143,163.682,58.6266,0.1736,39.3493,0.151501,39.499412438629456,-0.1501124386294563,0.151501,11103,42989,181578,753083,1656608,4527023
1258940,42.7148,-0.5251,0.42594,41.7517,0.175449,41.71807251599999,0.0336274840000072,0.175449,23109,95552,385520,1595867,3566329,9409863
1259412,36.3454,-5.3241,0.30477,40.9018,0.140115,40.87290907679695,0.0288909232030505,0.140115,25641,102434,411536,1716915,3788054,10464280
1261579,36.1196,-4.9673,0.32214,40.8774,0.138773,41.011386356314574,-0.1339863563145726,0.138773,26974,103118,421099,1711686,3804521,10515437
1263369,43.2295,-0.5418,0.31252,40.9565,0.149709,40.935570731084006,0.0209292689159923,0.149709,21672,88993,373876,1553481,3446851,9164852
1279500,36.9257,-4.3149,0.23471,40.2784,0.167703,40.22822806175505,0.0501719382449508,0.167703,25878,103173,420967,1685693,3793178,10559202
1283878,37.1332,-4.0413,0.31287,41.0195,0.203499,40.93836663160134,0.0811333683986603,0.203499,25186,102912,416365,1676276,3791783,10576992
12860,323.694,1.1759,0.12042,38.7926,0.252257,38.63546571537832,0.1571342846216765,0.252257,32501,125633,479079,1792735,3945143,9915645
1287626,35.9318,-5.9612,0.30396,40.719,0.22209,40.86627526769084,-0.1472752676908371,0.22209,23985,104605,416307,1678855,3799756,10436621
1289664,40.8968,-1.1299,0.25908,40.2879,0.178603,40.47052299229657,-0.1826229922965723,0.178603,28084,112113,441123,1685127,3705065,10210559
12927,41.7861,0.7751,0.18892,39.4384,0.149571,39.70217550463772,-0.2637755046377137,0.149571,25574,99969,411541,1651741,3665995,9653800
12950,351.667,-0.8403,0.08141,37.7215,0.219648,37.73073694675067,-0.0092369467506685,0.219648,26648,108642,418215,1632292,3480633,8399377
1295305,36.2434,-4.2509,0.61171,42.701,0.16444,42.65428566864381,0.0467143313561919,0.16444,27732,107984,434770,1692791,3822095,10582693
1295921,42.6149,-0.8718,0.52393,42.1774,0.369236,42.25106209606014,-0.0736620960601399,0.369236,24158,96848,395907,1600183,3591488,9479452
12977,13.6956,-0.2509,0.24643,40.2829,0.214739,40.34751449226054,-0.0646144922605387,0.214739,28122,113501,452370,1771678,4003545,10874348
1298281,40.2679,-0.9553,0.23508,40.1629,0.275154,40.232077260969874,-0.069177260969873,0.275154,27070,107967,436756,1689650,3732367,10365143
1300516,34.5464,-5.0101,0.31043,40.6197,0.336421,40.91881479880358,-0.2991147988035791,0.336421,25517,103853,425960,1719280,3857633,10601116
13044,332.543,0.5033,0.12455,38.7616,0.12587,38.714295412079295,0.0473045879207063,0.12587,32606,119421,463415,1706398,3552529,8758262
1305626,35.6546,-4.1333,0.32573,41.0478,0.141716,41.03914458897528,0.0086554110247263,0.141716,29097,113938,438384,1712313,3850494,10612958
1306029,40.8416,-1.9578,0.42895,41.8266,0.250757,41.736076365868776,0.0905236341312232,0.250757,27120,108290,424564,1674164,3715946,10266833
1306073,36.8506,-3.7494,0.32859,41.1,0.144172,41.06105693336829,0.0389430666317096,0.144172,26567,106907,421258,1669727,3792902,10605265
13070,357.785,-0.7463,0.19719,39.8018,0.14158,39.80536358045043,-0.0035635804504323,0.14158,27532,105407,405999,1601984,3433904,8918649
1308326,42.2701,0.5823,0.32622,41.0504,0.157201,41.04291138298791,0.0074886170120933,0.157201,23569,95267,395584,1615671,3623618,9482503
1308582,37.1372,-4.3728,0.36705,41.2088,0.151911,41.33976533829163,-0.1309653382916309,0.151911,24620,101730,419068,1685495,3783205,10552420
1314897,36.6066,-4.1552,0.33663,41.0367,0.18424,41.12172611066104,-0.0850261106610403,0.18424,26614,106002,427451,1683008,3803892,10584165
1316431,42.2394,-0.4084,0.19815,39.8879,0.174409,39.81708058799896,0.0708194120010432,0.174409,25881,102744,407412,1619932,3626023,9631245
1316437,42.5626,-0.745,0.47196,42.0374,0.25691,41.9812471804617,0.0561528195382976,0.25691,23737,96737,395677,1604488,3596700,9498899
1317286,36.0079,-6.8106,0.28198,40.5986,0.166629,40.67973150869896,-0.0811315086989594,0.166629,26333,105620,414794,1655507,3734642,10354087
1317666,36.7711,-5.0031,0.1412,39.1237,0.260864,39.00900881006358,0.1146911899364226,0.260864,26648,104411,417538,1723766,3779909,10476767
13254,42.0587,-0.347,0.1799,39.9979,0.268081,39.58473290564051,0.413167094359494,0.268081,27115,106390,414669,1627135,3645704,9708925
1330642,37.0406,-4.0471,0.63392,42.5972,0.147609,42.74760630714606,-0.1504063071460564,0.147609,25802,102859,417260,1679090,3795397,10580792
1332413,36.2749,-5.853,0.60873,42.6179,0.230751,42.641520609356,-0.0236206093560014,0.230751,22934,98956,418228,1700963,3786085,10425279
1334470,35.0537,-4.9472,0.51876,42.1949,0.250421,42.22537188985035,-0.0304718898503537,0.250421,25975,106583,428856,1709843,3858546,10574618
1334620,35.7529,-6.2642,0.19624,39.8927,0.29342,39.79371641941105,0.0989835805889498,0.29342,28787,107896,420453,1664241,3783652,10419181
1334644,35.1072,-5.7725,0.28806,40.7075,0.188011,40.73263898443638,-0.0251389844363743,0.188011,28967,111944,421329,1671054,3816679,10476732
1334645,36.3796,-5.879,0.24701,40.1983,0.137434,40.35328064137794,-0.1549806413779393,0.137434,23683,98971,420094,1704674,3780586,10417671
13354,27.5648,-0.8873,0.15654,39.2087,0.210288,39.25300566204648,-0.0443056620464759,0.210288,28566,110322,432899,1720383,3848504,10584291
1336453,40.9697,-1.2293,0.18492,39.7435,0.159325,39.650752095685306,0.0927479043146917,0.159325,28444,110998,437920,1680876,3704103,10190490
1336687,35.6058,-6.1499,0.23381,40.1788,0.292139,40.218841677478345,-0.0400416774783423,0.292139,28251,110042,419381,1665234,3796587,10434278
13370,27.1515,0.3282,0.19846,40.3246,0.238597,39.82085296030183,0.5037470396981689,0.238597,25026,102085,421836,1697362,3812559,10464683
1337325,35.135,-4.6525,0.63866,42.7804,0.261646,42.76711982097971,0.0132801790202918,0.261646,29003,110192,430425,1713710,3860669,10583717
1337649,43.4044,0.5102,0.26151,40.4182,0.225542,40.49351540293243,-0.0753154029324321,0.225542,21699,87413,364606,1524456,3379679,8949442
1337838,35.496,-6.4982,0.31195,40.9503,0.160446,40.93101121445373,0.0192887855462657,0.160446,27104,106563,420241,1653928,3768347,10409682
1338266,34.905,-5.8691,0.64846,43.0397,0.272369,42.80703105560486,0.2326689443951437,0.272369,28672,110462,423393,1670209,3806922,10483233
1338430,40.6393,-1.2547,0.51718,42.0932,0.190441,42.21747278799761,-0.1242727879976044,0.190441,27469,110315,437022,1684777,3714185,10290593
1338471,41.2916,-1.5649,0.53117,42.5253,0.38093,42.28664118580279,0.2386588141972083,0.38093,27711,108713,424050,1673180,3699760,10079288
1341894,35.3025,-4.6502,0.31294,41.0061,0.176794,40.93892546520578,0.0671745347942192,0.176794,29363,111806,429267,1707796,3856372,10575817
1345582,33.7065,-4.6747,0.45878,41.9679,0.252185,41.90840846046906,0.0594915395309385,0.252185,27900,109179,433721,1749463,3893044,10672075
13511,40.6124,-0.7941,0.23653,40.4674,0.193131,40.24710818219528,0.2202918178047213,0.193131,27949,110589,444705,1691072,3718494,10278410
13727,317.588,0.9326,0.22534,40.1329,0.188923,40.12883086263482,0.0040691373651782,0.188923,31783,125397,481958,1769767,3869812,9950571
13830,351.562,-0.3823,0.32985,40.8444,0.209813,41.07065477922046,-0.2262547792204614,0.209813,28549,110371,431731,1682885,3552369,8441346
13894,1.6906,-0.0368,0.12356,38.8009,0.333367,38.6956259214133,0.1052740785866959,0.333367,25874,104741,429509,1740519,3875826,9983013
13934,342.111,-0.4353,0.32931,41.4109,0.310571,41.06654557021736,0.3443544297826406,0.310571,28153,111459,427851,1649962,3476116,8579485
140152,162.393,57.6157,0.20864,39.8798,0.15965,39.94179308726686,-0.0619930872668561,0.15965,12101,50033,188703,744502,1678023,4521549
14024,318.199,0.9163,0.14759,39.134,0.188785,39.11352259396751,0.0204774060324908,0.188785,31757,125814,496242,1863332,3955967,9983424
14157,51.1367,1.0224,0.21083,39.806,0.155718,39.96709439044967,-0.1610943904496693,0.155718,14381,58137,238954,845344,1732465,4468009
14284,49.0493,-0.6009,0.18037,39.3688,0.13762,39.5909861672509,-0.2221861672509035,0.13762,15603,64101,254890,1029465,2327364,6296032
14331,7.8887,-0.1358,0.21976,40.2387,0.220195,40.0678061301878,0.170893869812204,0.220195,26084,106191,441017,1768399,3993376,10615779
14421,31.8299,1.2521,0.174,39.5734,0.137128,39.5049145911986,0.0684854088014006,0.137128,28123,110534,436206,1742907,3879429,10361132
14437,332.081,-1.1964,0.14792,39.0382,0.157931,39.11880428243464,-0.0806042824346349,0.157931,22692,92846,364123,1499533,3334940,8824053
14984,313.834,-0.0928,0.19549,39.9082,0.195934,39.78448428474532,0.1237157152546828,0.195934,24192,94399,359435,1496846,3416124,10010143
150254,183.211,47.1458,0.27508,40.5286,0.241865,40.61839770321263,-0.089797703212632,0.241865,12637,46195,191316,770532,1699106,4590520
150509,241.234,54.8781,0.2928,40.7458,0.174302,40.77317576634832,-0.0273757663483138,0.174302,12453,50209,198417,799121,1792093,4992644
15201,337.519,0.0036,0.20736,40.316,0.333666,39.92689095524595,0.3891090447540506,0.333666,26500,112593,461251,1728431,3604104,8782416
15234,16.9583,0.8282,0.13514,39.0775,0.31333,38.90571503447942,0.1717849655205796,0.31333,26862,113915,453541,1866447,4044823,10606979
15287,323.96,-1.0574,0.2363,40.3805,0.155735,40.24472966036865,0.1357703396313496,0.155735,35502,135358,498720,1809113,3915866,9813694
15354,6.7737,-0.126,0.22069,40.0798,0.266821,40.07807576584961,0.0017242341503873,0.266821,28602,114534,457532,1760484,3859462,10613117
15421,33.7416,0.6025,0.18443,39.7891,0.142656,39.64438183437892,0.1447181656210787,0.142656,31813,120723,456204,1768097,3938518,10631850
15440,39.7207,0.0901,0.2613,40.447,0.207526,40.49153620841223,-0.0445362084122251,0.207526,25036,100785,423668,1716929,3850349,10355503
15467,320.02,-0.1774,0.20847,39.8758,0.146778,39.93981878335671,-0.0640187833567154,0.146778,32018,127519,518875,2002123,4188990,10105620
15584,43.4955,0.987,0.28333,40.6596,0.184378,40.69156936359208,-0.0319693635920828,0.184378,23523,94068,375772,1500798,3334672,8777815
15674,340.829,0.2629,0.19555,39.958,0.212325,39.785224063726055,0.1727759362739434,0.212325,29775,115032,448524,1677201,3484011,8599094
15704,40.2107,0.6588,0.36952,41.4498,0.244353,41.35672769120077,0.0930723087992362,0.244353,26940,107192,430445,1730681,3835113,10182459
15897,11.6814,-1.0329,0.17357,39.5403,0.18318,39.49899930165085,0.0413006983491541,0.18318,29867,117715,457954,1791314,3971557,10746218
15901,31.9763,-0.5354,0.20368,39.9041,0.171481,39.883567578298894,0.0205324217011053,0.171481,26400,106424,428366,1720775,3960753,10792158
160039,184.975,48.1403,0.27085,40.4887,0.166124,40.58009150712589,-0.0913915071258912,0.166124,12966,52757,201428,754651,1664427,4559407
160126,163.283,57.2013,0.36023,41.0791,0.230289,41.29237569026348,-0.2132756902634867,0.230289,12270,48383,192952,747996,1679972,4548429
160198,242.905,53.9703,0.34899,41.2499,0.158604,41.21243160753895,0.0374683924610508,0.158604,12977,53242,208299,826724,1833302,5041620
16021,13.8437,-0.3888,0.12336,38.6164,0.162163,38.69183722096723,-0.0754372209672311,0.162163,29322,114970,450436,1768914,3991992,10870234
16093,350.362,1.1325,0.33439,41.1204,0.23572,41.10495892647402,0.0154410735259773,0.23572,25754,104136,404077,1515549,3305925,8428346
16211,348.164,0.2669,0.30939,41.0177,0.300429,40.91043807964127,0.1072619203587308,0.300429,26281,107002,430646,1673166,3494013,8441927
16350,323.639,-0.8858,0.23684,40.2279,0.210237,40.25031063580981,-0.0224106358098126,0.210237,35425,138733,501605,1848352,3973069,9869266
170428,243.619,54.003,0.30007,40.9837,0.198158,40.83418749346961,0.1495125065303924,0.198158,13537,54300,212796,828776,1844500,5056776
17220,9.7015,-0.1792,0.17769,39.3394,0.257355,39.55512407924062,-0.2157240792406227,0.257355,28622,115306,460230,1822468,4065003,10666808
17340,41.2121,0.3648,0.25625,40.3729,0.207312,40.44349349522032,-0.0705934952203151,0.207312,27530,107470,431453,1684074,3721870,9978146
17464,6.6408,0.042,0.25345,40.0303,0.262822,40.41647787448066,-0.3861778744806656,0.262822,29863,117271,463550,1756036,3851441,10583459
17497,37.1366,-1.0421,0.14388,39.0756,0.170594,39.05337089998445,0.0222291000155507,0.170594,27066,105150,412076,1683373,3811936,10735435
17801,316.093,-0.898,0.20515,40.1661,0.227714,39.90095971287707,0.2651402871229322,0.227714,23190,99628,395069,1605458,3605126,9802497
17811,12.8787,-0.9474,0.21186,39.9136,0.194498,39.9789100282953,-0.0653100282953005,0.194498,25793,105080,426511,1762544,3963128,10835038
17884,27.5998,1.1721,0.23776,40.2317,0.172272,40.25979193315232,-0.028091933152325,0.172272,27812,112153,435096,1695288,3800637,10220208
18030,4.933,-0.4001,0.15518,39.3994,0.175858,39.23229835340023,0.1671016465997752,0.175858,26664,106251,424520,1694322,3808001,10532262
18604,340.921,0.4214,0.17483,39.7434,0.182014,39.51629410154617,0.2271058984538285,0.182014,29613,116518,445019,1663037,3466580,8584679
18617,345.762,0.8492,0.3257,41.1639,0.271274,41.03891379897301,0.1249862010269851,0.271274,30193,118371,439843,1604762,3371605,8391914
18650,328.447,0.0151,0.11243,38.6214,0.163201,38.47544638911949,0.145953610880511,0.163201,27131,105418,424210,1727333,3686540,9267800
18697,11.2239,-0.9971,0.10638,38.2611,0.195537,38.346969006593255,-0.0858690065932563,0.195537,26427,114048,463171,1809929,3979902,10736890
18740,16.8553,1.0437,0.15317,39.0991,0.159928,39.20138166059132,-0.1022816605913234,0.159928,28514,112390,456012,1882128,4050115,10555161
18787,29.7298,-1.0271,0.18915,40.1408,0.200523,39.70510151299166,0.435698487008338,0.200523,25207,103313,426754,1714212,3889116,10776306
18804,25.2656,-0.4484,0.19726,39.6932,0.130873,39.80621973200996,-0.1130197320099597,0.130873,27582,105644,422143,1668146,3760940,10571953
18807,46.6409,0.7933,0.18714,39.7694,0.13671,39.67941821617536,0.0899817838246406,0.13671,15317,61683,252999,1080847,2536394,6913986
18927,46.6825,-0.754,0.21214,39.9374,0.243726,39.9821128492864,-0.0447128492864052,0.243726,17154,64868,248684,1058807,2561924,7500798
18940,10.349,0.412,0.21099,39.9552,0.163264,39.968933331946175,-0.0137333319461774,0.163264,31059,120783,473941,1832192,4051144,10653950
190209,333.082,1.0359,0.36648,41.2327,0.155657,41.33583595281503,-0.1031359528150304,0.155657,31370,124040,472977,1652252,3475573,8728147
19027,328.884,-0.372,0.29114,40.484,0.219145,40.75904870471513,-0.2750487047151253,0.219145,26347,105057,422568,1686511,3622204,9176566
19101,7.9727,0.1383,0.20062,39.6837,0.194976,39.84698719549712,-0.1632871954971193,0.194976,25023,107014,452271,1782350,3994769,10583877
19174,25.6597,1.0304,0.16357,39.2807,0.200998,39.35743793905888,-0.07673793905888,0.200998,26933,104130,406776,1649594,3845840,10281019
19207,333.464,-0.9203,0.25721,40.5776,0.249962,40.45269326914142,0.1249067308585765,0.249962,26431,103771,404268,1573547,3456495,8786626
19230,332.891,0.7648,0.22005,39.9228,0.242946,40.07101279796318,-0.1482127979631755,0.242946,29303,123558,474672,1688744,3515694,8747459
19794,359.319,0.2494,0.29568,41.0209,0.307913,40.797510921455206,0.2233890785447911,0.307913,29937,116151,450171,1723341,3656077,9339010
1990O,258.901,16.322,0.03093,35.4926,0.166476,35.55373979440757,-0.0611397944075662,0.166476,22168,91038,357229,1449587,3305076,9414358
19940,315.393,-0.2685,0.15591,38.9704,0.179204,39.243434278857805,-0.273034278857807,0.179204,20778,85102,343044,1537893,3551722,9881359
1995ac,341.392,-8.7513,0.04867,36.3303,0.135835,36.56533181955156,-0.2350318195515583,0.135835,13421,57647,240988,990920,2217379,6201688
1995ak,41.4535,3.2306,0.02193,34.6739,0.247785,34.792961907914744,-0.119061907914741,0.247785,23714,99982,413140,1632278,3485785,8893056
1996bl,9.0749,11.3946,0.03481,35.7348,0.155656,35.81636803549163,-0.0815680354916281,0.155656,13303,52366,231233,911055,2046328,5606378
1996bv,94.0542,57.0525,0.01673,34.0755,0.297815,34.1970306077789,-0.1215306077789009,0.297815,16539,65367,265908,1063676,2069346,4325110
1997E,101.909,74.4975,0.01314,33.7649,0.288791,33.66681633796999,0.0980836620300067,0.288791,6858,25491,103646,449727,1034085,3037713
1997Y,191.381,54.7381,0.01661,34.1973,0.214463,34.18120865731707,0.0160913426829267,0.214463,11712,46721,185263,730838,1624760,4438107
1997dg,355.059,26.2033,0.02962,35.861,0.192522,35.457729148038446,0.4032708519615511,0.192522,20109,72455,263044,1044913,2269538,6259354
1997do,111.677,47.0933,0.01048,33.1081,0.364668,33.17139395750495,-0.0632939575049462,0.364668,11870,49753,196726,801447,1860464,5362448
1998V,275.656,15.7021,0.01718,34.1465,0.231417,34.255380421634854,-0.1088804216348506,0.231417,0,0,0,0,0,396061
19990,34.8064,-0.3848,0.24883,40.427,0.180619,40.371293568791216,0.0557064312087831,0.180619,28802,112030,440399,1768171,3933131,10752285
1999aa,126.925,21.4874,0.01579,34.1663,0.242893,34.06996909660484,0.0963309033951631,0.242893,16924,65122,252929,996296,2284800,6453621
1999dg,227.868,13.4849,0.02263,34.8589,0.246447,34.862292836783055,-0.0033928367830569,0.246447,16084,66167,259174,1027721,2324470,6498883
1999dk,22.8622,14.2849,0.014,33.8053,0.288803,33.80585071460157,-0.0005507146015659,0.288803,13212,53508,230648,946753,2119326,5844146
2000cf,238.234,65.9369,0.03646,36.0475,0.166339,35.91947546959546,0.1280245304045379,0.166339,11338,46779,190361,735168,1660734,4673466
2000cn,269.418,27.8328,0.0226,34.9992,0.267367,34.85936508733082,0.1398349126691798,0.267367,24686,101026,397464,1641937,3719736,9655936
2000dg,1.5575,8.8882,0.03725,36.0748,0.289284,35.967239448921376,0.1075605510786275,0.289284,13322,52272,207841,882814,2023140,5927582
2000dk,16.848,32.4064,0.01649,34.1436,0.28269,34.16527333072595,-0.0216733307259531,0.28269,15567,58787,183050,587983,1272515,3565581
2000dm,274.746,16.2482,0.01472,34.0109,0.270222,33.91589604458839,0.095003955411606,0.270222,0,0,0,0,37207,983452
2001V,179.354,25.2025,0.01592,33.7902,0.290577,34.087980293923174,-0.297780293923175,0.290577,12995,56691,240043,1022923,2337956,6443833
2001br,277.607,34.1036,0.02046,34.8118,0.300223,34.639980330515435,0.171819669484563,0.300223,23724,95140,386841,1538796,2857665,6319316
2001cj,200.437,31.2468,0.02491,35.1973,0.228493,35.07431778483845,0.1229822151615493,0.228493,15255,60926,251628,965391,2085594,5610938
2002de,244.127,35.7084,0.0305,35.3638,0.283742,35.52267142458615,-0.1588714245861524,0.283742,13186,52807,207012,834489,1893275,5417247
2002ha,311.827,0.3127,0.0122,33.708,0.24076,33.50413805371818,0.2038619462818189,0.24076,24962,99976,392475,1636877,3716737,10102199
2002he,124.995,62.8203,0.02469,35.1139,0.15531,35.05470978415634,0.0591902158436639,0.15531,11478,45851,183096,738619,1643479,4582675
2002jy,20.3178,40.4987,0.0187,34.9988,0.187715,34.441879852468034,0.5569201475319687,0.187715,0,0,0,0,0,0
2003ch,109.491,9.693,0.02895,35.6024,0.169987,35.407003687685844,0.1953963123141591,0.169987,0,0,0,0,0,1597
2003he,359.738,-2.2481,0.02404,35.0862,0.240547,34.9957572168146,0.0904427831854022,0.240547,23236,92476,357370,1458237,3315164,9256871
2003it,1.452,27.4527,0.02413,35.079,0.205996,35.00401272186571,0.0749872781342873,0.205996,12249,53432,233081,949438,2170057,6046290
2003iv,42.5302,12.8462,0.03351,35.9118,0.165632,35.73171106567749,0.1800889343225122,0.165632,13844,54863,198190,542038,1143861,3241214
2003kc,146.643,30.6553,0.0341,35.8566,0.205773,35.770523081693135,0.0860769183068654,0.205773,14447,60092,242724,979488,2131151,5696538
20040,328.879,0.8151,0.28655,40.6389,0.217509,40.71959602270656,-0.0806960227065616,0.217509,29980,121403,454886,1666283,3576013,9126330
2004L,156.767,16.0187,0.03344,35.829,0.273673,35.727061982347564,0.1019380176524364,0.273673,13956,59879,248449,969728,2181303,6137876
2004br,187.783,0.6132,0.02426,34.807,0.18246,35.01588403420042,-0.2088840342004161,0.18246,17169,66809,253990,1022575,2319387,6433872
2004gs,129.597,17.6277,0.02829,35.5996,0.235009,35.35589709211966,0.2437029078803405,0.235009,18166,68368,251253,989375,2219980,6319286
2004gu,191.603,11.9489,0.0467,36.4713,0.19409,36.47262618018118,-0.0013261801811808,0.19409,16623,66695,253678,997251,2235361,6449827
2005ag,224.182,9.3285,0.08024,37.6668,0.119289,37.697615879192725,-0.0308158791927226,0.119289,18220,69723,266817,1076336,2416825,6684734
2005de,270.597,26.0521,0.01495,34.1793,0.26677,33.949928923674754,0.2293710763252434,0.26677,25027,105826,445615,1698310,3663654,9046921
2005hc,29.1998,-0.2137,0.04496,36.4634,0.173532,36.38753096987244,0.0758690301275635,0.173532,27614,106036,429759,1719776,3861883,10638124
2005ir,19.1825,0.7946,0.0749,37.5656,0.154994,37.54033421977312,0.0252657802268885,0.154994,25220,102480,436410,1729978,3873886,10597908
2005kc,338.531,5.5684,0.01386,34.0187,0.307194,33.78380361956941,0.234896380430591,0.307194,16695,64788,246982,997228,2255865,6808551
2005ki,160.118,9.2023,0.02066,34.5709,0.187708,34.6614192514974,-0.0905192514973975,0.187708,16845,64411,256403,1020991,2270368,6256695
2005ku,344.927,-0.0137,0.04397,36.2916,0.249078,36.33767532411255,-0.0460753241125502,0.249078,28483,114611,451786,1699570,3495398,8458153
2005lz,32.7073,34.9828,0.04541,36.3247,0.195021,36.40984098444521,-0.0851409844452106,0.195021,0,0,0,66688,284439,1596101
20064,358.586,-0.9176,0.10351,38.2079,0.196456,38.28358605735015,-0.075686057350147,0.196456,25019,98015,398479,1565827,3485461,9115805
2006ac,190.437,35.0686,0.02395,34.9871,0.184147,34.98747125754999,-0.0003712575499932,0.184147,11216,44239,183277,762681,1726065,4982141
2006bt,239.127,20.046,0.03241,35.772,0.224228,35.65753109428143,0.1144689057185672,0.224228,16209,66231,256494,1004996,2264928,6424626
2006cf,163.511,46.0267,0.04223,36.2931,0.151018,36.24734526865024,0.045754731349767,0.151018,11638,46740,177395,699533,1610069,4524096
2006dm,355.449,-3.669,0.02161,34.8059,0.18018,34.760538736077194,0.0453612639228069,0.18018,14492,60664,241790,1038048,2471604,7584568
2006ev,322.747,13.9892,0.02759,35.6739,0.216353,35.300398912812724,0.3735010871872788,0.216353,20771,83787,338795,1365373,3116254,8703455
2006oa,320.929,-0.8435,0.06142,37.0747,0.183316,37.08967200129999,-0.0149720012999878,0.183316,32722,134737,510257,1889192,4042472,10132556
2006qo,120.035,56.3688,0.02871,35.4779,0.275376,35.388552930960714,0.0893470690392845,0.275376,12480,48207,187327,741972,1698665,4811125
2006sr,0.8959,23.1962,0.02307,34.9949,0.180801,34.904799699948185,0.0901003000518159,0.180801,14893,57698,214694,910474,2126824,5971117
2006td,29.5657,36.3494,0.01504,34.1727,0.365029,33.96310531088743,0.2095946891125706,0.365029,0,0,0,0,68437,976952
2007O,224.022,45.4047,0.03732,35.8938,0.151724,35.971423908676755,-0.077623908676756,0.151724,13542,50548,196572,785797,1755411,4729879
2007ae,255.467,79.0318,0.06485,37.0851,0.153034,37.21274906559076,-0.1276490655907594,0.153034,11257,45883,189859,760773,1662953,4212910
2007fb,359.218,5.5088,0.0168,34.4009,0.221698,34.20620836687701,0.1946916331229928,0.221698,14330,57293,240479,978440,2313799,6968147
2007kk,55.5969,39.2418,0.0413,36.2521,0.175538,36.19756922768543,0.0545307723145711,0.175538,0,0,0,0,0,0
2007nq,14.3899,-1.3886,0.04275,36.2137,0.152187,36.27471407186052,-0.0610140718605194,0.152187,29949,117714,446096,1740205,3897231,10749103
2008050,204.198,5.1418,0.04627,36.2636,0.218105,36.45188692693954,-0.1882869269395399,0.218105,16111,64872,263087,1047776,2345090,6641877
2008051,229.995,4.9046,0.03835,36.0125,0.17035,36.03212555178247,-0.0196255517824681,0.17035,17303,70822,282136,1106937,2516235,7053021
20084,347.975,-0.5781,0.13834,39.0401,0.319084,38.96078847881069,0.0793115211893109,0.319084,28208,111146,438432,1682658,3529568,8391221
2008R,45.9738,-11.9943,0.0126,33.8286,0.265115,33.57483044596711,0.2537695540328926,0.265115,24926,97929,391862,1573054,3552785,9441911
2008Y,169.877,54.4628,0.07028,37.2961,0.226908,37.3953415044323,-0.0992415044322996,0.226908,12457,49443,198473,748434,1651439,4576530
2008bf,181.012,20.2452,0.02451,35.1061,0.235556,35.038538686073416,0.067561313926582,0.235556,16069,62884,247183,1003237,2276252,6340881
2008bz,189.741,11.1295,0.0613,37.1631,0.123921,37.08524725157544,0.0778527484245614,0.123921,14245,63000,250504,1021152,2315838,6528516
2008gg,21.346,-18.1724,0.03107,35.67,0.236835,35.56376384482163,0.1062361551783723,0.236835,28006,111406,453918,1805268,4071176,11457930
2009D,58.5951,-19.1817,0.02476,35.008,0.162015,35.06096726178399,-0.0529672617839906,0.162015,27278,110602,441740,1720974,3880579,10766627
2009bv,196.835,35.7844,0.03748,36.2564,0.149974,35.980959704310784,0.275440295689215,0.149974,12861,53646,205423,789694,1731248,4888181
2009dc,237.801,25.7078,0.02179,34.3468,0.19901,34.77883449732403,-0.4320344973240253,0.19901,17577,67659,265338,1043329,2327341,6252415
2009do,188.743,50.8512,0.04027,36.0403,0.147245,36.14115112866702,-0.100851128667017,0.147245,10796,43531,173811,700673,1584153,4484645
2009ds,177.267,-9.7291,0.02033,34.5072,0.233893,34.625933962345286,-0.1187339623452885,0.233893,0,5323,56910,364584,940532,2924797
2009kk,57.4345,-3.2644,0.01244,33.7023,0.266666,33.546824140729484,0.155475859270517,0.266666,20517,77787,281894,1078338,2253943,5785492
2009na,161.756,26.5439,0.02209,34.7477,0.199095,34.80899916138554,-0.0612991613855413,0.199095,14813,58918,232491,935020,2091908,5918578
2009nq,348.821,19.0229,0.01527,34.1657,0.28688,33.99642710300952,0.1692728969904777,0.28688,15104,62362,277036,1069334,2376556,6424892
2010Y,162.766,65.7797,0.01142,33.7403,0.254135,33.35942260335601,0.3808773966439887,0.254135,11125,44708,179711,728931,1648474,4511131
2010ag,255.973,31.5017,0.03336,35.8159,0.198961,35.72173707667897,0.0941629233210292,0.198961,18415,71588,274679,1080728,2422791,6733916
2010ai,194.85,27.9964,0.01918,34.9792,0.21848,34.497673850023645,0.4815261499763537,0.21848,18224,64647,243356,1014721,2270117,6161041
2010ao,205.921,3.9,0.02422,34.943,0.2098,35.01223799931779,-0.0692379993177922,0.2098,19347,69348,267485,1084778,2445042,6693016
2010dw,230.668,-5.9211,0.03871,36.0125,0.204712,36.05296726369818,-0.0404672636981757,0.204712,0,3092,36056,259745,702942,2545098
2010kg,70.035,7.35,0.01595,33.9999,0.334729,34.09211606894792,-0.0922160689479199,0.334729,0,0,0,0,0,0
2010ko,83.206,-14.0961,0.01096,33.8347,0.353909,33.26940885919768,0.5652911408023158,0.353909,0,0,0,0,0,885675
20111,354.394,0.2481,0.24267,40.4217,0.219858,40.30982696714684,0.1118730328531611,0.219858,32089,119013,456688,1687562,3519816,8467516
2011ao,178.463,33.3629,0.01168,33.4974,0.301502,33.40872206745041,0.0886779325495865,0.301502,12722,47904,197305,820513,1896612,5335994
2013ex,83.1942,-14.0459,0.01096,33.4336,0.283424,33.26940885919768,0.1641911408023162,0.283424,0,0,0,0,0,847260
2013fn,315.099,-14.4978,0.02724,35.2892,0.298907,35.272129521952934,0.0170704780470671,0.298907,0,0,2976,267229,887707,2845279
2013gq,124.473,23.4696,0.01457,33.7526,0.2163,33.893416011254246,-0.1408160112542447,0.2163,18398,69502,283957,1064315,2368838,6573936
2013gs,142.787,46.3848,0.01748,34.2221,0.320412,34.29344730935766,-0.0713473093576624,0.320412,12541,46569,182279,723565,1629234,4572478
2013gy,55.5703,-4.7218,0.01309,33.7355,0.239783,33.658457978792185,0.0770420212078164,0.239783,16079,66181,280269,1119350,2541848,6735556
2014ai,139.934,33.7637,0.02317,35.0225,0.271221,34.91434902767335,0.1081509723266478,0.271221,10579,43162,170673,737696,1745593,5206531
2014bj,290.663,43.8908,0.04239,36.5106,0.426487,36.25580119942797,0.2547988005720327,0.426487,0,0,0,0,1777,1187087
2016afk,155.625,15.0966,0.04677,36.5642,0.229149,36.47598478339063,0.0882152166093703,0.229149,13570,54056,233862,943660,2174649,6063936
2016hpw,317.283,-18.1039,0.02019,34.8165,0.241825,34.6107077262156,0.2057922737843966,0.241825,0,0,0,0,0,138747
2018fop,18.8255,-6.859,0.02017,34.5899,0.199177,34.60852405621649,-0.0186240562164883,0.199177,23574,87440,316854,1293356,2957003,8374721
20227,349.12,-0.0985,0.27574,40.6631,0.213576,40.624325462366414,0.0387745376335857,0.213576,30119,113017,437431,1710319,3493211,8488028
20364,25.7566,-0.9455,0.21729,40.1395,0.269611,40.04033432217089,0.0991656778291059,0.269611,25906,102576,420293,1679902,3749946,10578468
20430,312.417,0.4686,0.16593,39.4938,0.241887,39.39155911353368,0.1022408864663262,0.241887,22771,93938,375838,1576478,3620084,10205150
20687,16.7181,1.1541,0.19026,39.6892,0.294972,39.719176403480645,-0.0299764034806457,0.294972,28833,113451,467793,1887428,4055277,10522537
20764,26.1208,0.2298,0.16478,39.3182,0.150918,39.37498918256927,-0.0567891825692683,0.150918,25619,104184,419840,1669571,3792951,10474778
20821,55.5726,1.0631,0.19534,40.1343,0.403955,39.78263391525039,0.3516660847496169,0.403955,5528,25473,95906,374522,826288,2587799
21034,28.1414,1.2441,0.10751,38.4984,0.180059,38.37148159270064,0.1269184072993567,0.180059,31000,118594,433945,1699323,3805267,10223589
300105,351.71,-0.7301,0.09181,38.1602,0.266341,38.00666607780474,0.1535339221952654,0.266341,28108,110388,422526,1647001,3502166,8411578
300179,351.142,0.227,0.17896,39.7672,0.201468,39.57218067724489,0.1950193227551153,0.201468,25825,105106,430529,1674928,3527961,8453815
310039,36.2156,-3.3448,0.17156,39.4603,0.214715,39.47116657015734,-0.01086657015734,0.214715,27601,108983,434696,1685622,3817544,10665982
310090,351.308,-0.6051,0.34686,41.4163,0.370346,41.197014254049975,0.2192857459500246,0.370346,27366,110316,421313,1663835,3523561,8429504
320258,34.748,-4.8807,0.3409,41.0587,0.1943,41.15340499006043,-0.0947049900604284,0.1943,25505,106699,427830,1718948,3859490,10603877
330022,35.3241,-2.9491,0.26386,40.3035,0.205843,40.51556400569199,-0.2120640056919924,0.205843,26436,101769,430943,1746667,3869107,10711199
330128,36.8228,-3.8213,0.32095,40.9546,0.156373,41.00212210012933,-0.0475221001293277,0.156373,26274,106989,421545,1672763,3799264,10603331
350047,163.262,58.1363,0.23364,40.4148,0.19637,40.217064944273176,0.1977350557268238,0.19637,11365,45607,185073,747775,1672704,4532542
350192,148.716,1.9617,0.3015,40.8585,0.191702,40.84602764446119,0.0124723555388115,0.191702,15213,63242,254359,1025252,2259803,6360308
350235,184.35,48.3462,0.26384,40.5588,0.167704,40.51537712415737,0.04342287584263,0.167704,12337,50330,200516,757486,1670157,4547963
360139,185.739,47.5675,0.38594,41.5217,0.152114,41.46689214696262,0.0548078530373814,0.152114,11977,47911,198688,759451,1665499,4583540
360145,163.669,59.019,0.1986,39.8881,0.211487,39.82255482124372,0.065545178756281,0.211487,10131,42970,183510,750184,1644342,4509364
360156,150.807,1.8953,0.04673,36.5081,0.209562,36.47406617947381,0.03403382052619,0.209562,15454,66027,255807,1019756,2272428,6313469
370098,150.006,2.4311,0.22141,40.0441,0.143254,40.08599898482419,-0.0418989848241864,0.143254,19333,70759,267398,1009149,2262572,6337579
370356,183.406,46.4835,0.025,35.2277,0.204374,35.082290217222464,0.1454097827775342,0.204374,11406,45463,184177,759853,1700584,4615286
370394,132.379,45.0022,0.3308,40.996,0.212048,41.07786888604821,-0.0818688860482055,0.212048,10939,44472,174847,725976,1698709,4774751
370428,184.375,47.5482,0.1778,39.6477,0.131546,39.55660589992343,0.0910941000765745,0.131546,12833,51151,195546,771363,1681659,4577291
380279,149.827,2.9349,0.34946,41.2033,0.168604,41.21582184247586,-0.0125218424758628,0.168604,16774,65616,258040,1010141,2274065,6337728
390471,214.52,53.014,0.37053,41.0698,0.135854,41.36363350688828,-0.2938335068882765,0.135854,11230,44457,178056,720279,1637756,4598079
420196,351.761,-1.0284,0.29842,41.2705,0.232731,40.82046089589105,0.4500391041089457,0.232731,24941,104008,411580,1595122,3437019,8375927
420258,352.428,0.7054,0.27444,40.7399,0.293068,40.6126370234268,0.1272629765731991,0.293068,27393,111651,439567,1644667,3456139,8452395
420352,35.1822,-3.9625,0.38886,41.383,0.199578,41.4860269789141,-0.1030269789140945,0.199578,26221,108984,440235,1730990,3866288,10638082
420407,333.949,-0.3155,0.24512,40.4957,0.181643,40.33444467372159,0.1612553262784146,0.181643,25077,100486,424057,1711520,3577556,8791536
430003,333.38,-0.4529,0.32843,40.934,0.295651,41.05983572799887,-0.1258357279988686,0.295651,27447,107511,422556,1670329,3530201,8815835
440509,34.8496,-5.4304,0.31892,40.8941,0.203876,40.986244920607,-0.0921449206069979,0.203876,27257,107410,423061,1690650,3833910,10533065
450339,36.2874,-3.3534,0.40927,41.7061,0.274957,41.61617084497699,0.0899291550230074,0.274957,27540,107902,434789,1682680,3814207,10660432
460003,128.835,43.8555,0.15067,39.1687,0.134119,39.16239469709275,0.0063053029072506,0.134119,12148,48361,193587,750463,1692022,4816024
460105,129.37,44.0453,0.21071,39.9632,0.223017,39.96571433587724,-0.0025143358772368,0.223017,11827,48105,192274,753820,1679673,4812186
470041,131.337,44.7548,0.33179,41.0149,0.143999,41.08536641211073,-0.0704664121107327,0.143999,12126,43959,178560,728738,1689776,4776820
470043,128.994,44.7675,0.07061,37.7291,0.501827,37.40599692401527,0.3231030759847328,0.501827,11817,47832,188771,740689,1658801,4788953
490007,184.268,46.6275,0.05513,36.8676,0.194374,36.8456865921438,0.0219134078562035,0.194374,11242,45628,188391,763767,1686390,4607392
500301,215.548,52.6318,0.3255,41.2625,0.255286,41.0373746970852,0.2251253029148046,0.255286,10710,43421,176646,708026,1638861,4601197
510550,243.275,55.6117,0.24106,40.3291,0.130654,40.2935242729349,0.035575727065094,0.130654,12386,50540,200173,803022,1824956,5031065
520041,184.138,45.962,0.5454,42.5633,0.191404,42.35526217699788,0.2080378230021153,0.191404,11209,45804,185986,748226,1690487,4647778
520062,244.451,54.6334,0.30805,41.2018,0.139651,40.8996065957022,0.3021934042978031,0.139651,12877,53532,213324,828998,1839414,5089283
520071,215.504,53.6193,0.41152,41.8131,0.149106,41.630147425508014,0.1829525744919848,0.149106,10194,42958,172714,714805,1658706,4616193
520077,244.663,55.6842,0.25004,40.5965,0.224495,40.38320196761319,0.2132980323868096,0.224495,13271,52513,204944,812587,1834139,5077103
550041,352.54,-0.8664,0.25847,40.4663,0.209281,40.46471997493953,0.0015800250604698,0.209281,28688,114931,446129,1643517,3439836,8407327
550137,334.754,0.0297,0.41931,41.4604,0.22264,41.67799547329698,-0.2175954732969813,0.22264,26612,110283,450871,1745639,3653095,8771887
550154,36.3556,-3.5962,0.21003,40.1479,0.148877,39.95788024910866,0.1900197508913379,0.148877,27254,108457,434265,1678323,3816116,10639081
560054,353.296,-0.3364,0.4798,41.8956,0.237796,42.02367916061191,-0.1280791606119038,0.237796,31262,116552,465032,1731289,3486730,8471200
560150,333.961,1.2276,0.19957,39.8965,0.17155,39.83431581805524,0.0621841819447652,0.17155,30057,118861,448698,1640226,3452903,8719779
560152,334.8,1.1602,0.24851,40.3657,0.261564,40.3681352973562,-0.0024352973562002,0.261564,28412,113622,441944,1646818,3469395,8672964
570022,351.124,-0.4843,0.30141,41.1086,0.206046,40.84528399011847,0.2633160098815352,0.206046,26721,109083,423733,1672929,3531807,8444490
570056,37.0067,-3.495,0.28998,40.7298,0.234493,40.74913259073442,-0.0193325907344217,0.234493,28462,108087,417245,1660811,3772651,10618399
570062,353.102,0.2956,0.12363,38.8242,0.150324,38.6969506030784,0.1272493969215986,0.150324,28324,115185,459366,1714326,3498201,8483139
580235,150.235,2.5796,0.33154,41.0301,0.218692,41.08347504960542,-0.053375049605421,0.218692,18540,72532,265171,1004411,2265373,6315835
590005,151.018,1.2155,0.17137,39.5424,0.275502,39.46851993198311,0.0738800680168907,0.275502,15154,61954,249280,1020318,2273253,6307167
590194,130.237,44.5243,0.09015,37.9202,0.21704,37.96468681214469,-0.0444868121446901,0.21704,11311,46278,185856,745091,1667286,4774521
744,329.198,0.3175,0.12694,38.6849,0.280884,38.75879710381835,-0.0738971038183535,0.280884,27968,110461,458415,1701786,3598141,9108761
762,15.5353,-0.879,0.19009,39.8807,0.15799,39.71702574182423,0.1636742581757673,0.15799,28782,115652,454367,1782384,3936014,10747664
ASASSN-15fs,284.67,43.4689,0.0285,35.2391,0.185823,35.37228401351213,-0.1331840135121282,0.185823,24919,96619,331300,1077904,2214728,5295288
ASASSN-15hg,148.452,9.1939,0.03107,35.6461,0.196214,35.56376384482163,0.0823361551783676,0.196214,14616,58616,232357,995944,2245997,6203295
ASASSN-15kx,334.049,37.4738,0.01697,34.6084,0.219814,34.228340826452495,0.380059173547508,0.219814,0,0,0,0,0,135443
ASASSN-15nr,261.674,13.9098,0.02309,34.8331,0.263771,34.9067128201049,-0.0736128201048984,0.263771,26811,110257,442626,1755480,3746650,9902123
ASASSN-15od,35.8049,-4.5172,0.01678,34.3409,0.228387,34.20359001183362,0.137309988166379,0.228387,28445,111312,431192,1704717,3838187,10564706
ASASSN-15sf,2.865,-6.4273,0.02349,35.2317,0.235205,34.94463660346017,0.2870633965398284,0.235205,27306,106226,386132,1439437,3154913,8244375
ASASSN-15tg,5.171,25.229,0.03445,35.861,0.1686,35.7932381069475,0.0677618930524985,0.1686,13202,55500,238318,964014,2182321,5940319
ASASSN-15uu,25.9859,17.0626,0.02579,35.0223,0.372346,35.151083963517266,-0.1287839635172645,0.372346,13142,57026,240449,944918,2138009,5874221
ASASSN-15uv,126.784,27.8116,0.02104,34.6114,0.393324,34.701595495685496,-0.0901954956854922,0.393324,14784,60381,245250,982148,2279763,6356734
ASASSN-16aj,65.4509,-15.7554,0.03053,35.4654,0.177866,35.52485286570077,-0.05945286570077,0.177866,19744,72556,278484,1211705,2782531,7802840
ASASSN-16av,177.868,22.0261,0.02676,35.3467,0.289875,35.23277472695856,0.1139252730414384,0.289875,15990,63201,254317,1010409,2285602,6271106
ASASSN-16br,236.376,-13.1528,0.029,35.5064,0.190895,35.41082871127588,0.0955712887241162,0.190895,0,0,0,0,0,0
ASASSN-16ct,228.476,4.7573,0.04252,36.2457,0.207056,36.2626488099897,-0.0169488099896994,0.207056,15246,63959,266090,1071238,2500113,7021598
ASASSN-16es,177.727,2.3069,0.02973,35.5345,0.258248,35.46594956620705,0.0685504337929501,0.258248,16842,64139,256030,1020124,2330738,6414939
ASASSN-16fo,203.149,-5.2725,0.02994,35.4803,0.173804,35.48156064914126,-0.0012606491412583,0.173804,18304,70646,263110,1076510,2437477,6763348
ASASSN-16hc,209.768,33.139,0.05165,36.5862,0.156832,36.698872902283625,-0.1126729022836272,0.156832,11684,46790,184733,798658,1853386,5281466
ASASSN-16hh,31.1559,21.5861,0.02935,35.5015,0.190369,35.43742420629722,0.0640757937027771,0.190369,12040,53317,237556,936979,2117501,5841952
AT2016fbk,26.0272,34.3827,0.03495,36.1545,0.230318,35.82529993843694,0.329200061563057,0.230318,0,0,15711,240812,735755,2459965
AT2016hns,324.921,24.4065,0.03704,35.9789,0.163683,35.95463987623535,0.0242601237646553,0.163683,20559,77830,282347,985476,2154973,5351663
AT2017cfc,208.163,-2.0022,0.02499,35.0276,0.190198,35.08140578580704,-0.053805785807043,0.190198,17401,70870,271509,1100205,2470131,6887660
AT2017lm,45.3849,-15.016,0.03002,35.5542,0.216273,35.48747951914553,0.066720480854471,0.216273,21216,84986,357363,1525985,3534814,10002642
AT2017ns,42.2932,14.6008,0.02802,35.1963,0.366604,35.334651967573194,-0.1383519675731932,0.366604,12364,45783,138074,544624,1267197,3255312
AT2017po,240.965,39.9901,0.03201,35.576,0.196814,35.62994434254625,-0.0539443425462522,0.196814,12506,50627,204256,818124,1826025,5025251
ATLAS16agv,250.29,50.9724,0.04777,36.4976,0.165873,36.52343944996273,-0.0258394499627314,0.165873,13287,53289,212012,843330,1927301,5366191
ATLAS16bwu,18.5927,-13.1531,0.07074,37.3712,0.228257,37.41018140171683,-0.0389814017168248,0.228257,27165,109113,423796,1547359,3387032,9054386
ATLAS16cpu,227.956,46.251,0.01851,34.5716,0.239989,34.41940331720228,0.1521966827977152,0.239989,11194,44986,178595,730668,1674254,4736176
ATLAS16dqf,317.283,-18.1039,0.02019,34.5749,0.375822,34.6107077262156,-0.0358077262156015,0.375822,0,0,0,0,0,138747
ATLAS17bas,166.898,22.8514,0.02331,34.5715,0.261746,34.9276501703622,-0.3561501703621985,0.261746,16728,66184,251240,1019519,2204309,6044031
Gaia16aki,239.794,14.6416,0.07398,37.5535,0.176502,37.51215778881543,0.0413422111845704,0.176502,17079,66069,259786,1086397,2437807,6729459
Lancaster,189.236,62.2148,1.23589,44.905,0.273735,44.51486417175848,0.3901358282415259,0.273735,10908,43110,177786,705045,1562360,4399498
PS15ahs,269.874,43.3901,0.02522,35.1974,0.185937,35.10166023631452,0.0957397636854793,0.185937,16868,66176,257944,1039246,2354526,6618227
PS15asb,215.085,-9.3009,0.04952,36.4714,0.18553,36.60421277587589,-0.132812775875891,0.18553,0,3986,67852,397688,1034333,3358505
PS15bdr,253.706,36.7252,0.07094,37.3552,0.196012,37.41660467793752,-0.0614046779375101,0.196012,14247,55574,229781,930586,2117358,5831947
PS15bsq,355.467,-8.6379,0.03309,35.7797,0.159699,35.70367286331549,0.0760271366845088,0.159699,16454,67938,263898,1019354,2264823,6262801
PS15bwh,352.644,-18.8915,0.07149,37.2494,0.16107,37.43417953750842,-0.1847795375084189,0.16107,0,0,0,0,0,402743
PS15cku,21.0939,3.5876,0.02222,35.0537,0.229702,34.82194542409553,0.2317545759044676,0.229702,28865,108741,414552,1627902,3478963,9159650
PS15cms,149.646,0.743,0.06603,37.3617,0.203312,37.25364603138919,0.108053968610811,0.203312,17589,67867,257132,1015040,2258622,6362002
PS15cwx,78.6992,7.0504,0.03007,35.4164,0.184841,35.4911709690624,-0.0747709690623992,0.184841,0,0,0,0,0,0
PS15cze,56.8476,0.8772,0.03891,36.5486,0.234635,36.06446448590831,0.4841355140916903,0.234635,0,0,24824,229840,624196,2447058
PS16ayd,216.826,-1.6753,0.05485,36.8581,0.149593,36.83421035945601,0.0238896405439916,0.149593,18429,72569,283016,1122043,2534099,7023779
PS16bnz,155.154,-2.4668,0.06398,37.0786,0.154429,37.18213522961179,-0.1035352296117864,0.154429,15234,59742,245902,1020224,2357588,6486741
PS16ccn,273.122,31.2799,0.02395,35.1784,0.189112,34.98747125754999,0.1909287424500121,0.189112,24341,101541,406314,1520780,3208932,7744998
PS16cvc,318.097,14.7793,0.02844,35.6948,0.183345,35.36761415329569,0.3271858467043103,0.183345,24249,100760,401357,1566864,3257514,7343375
PS16dnp,344.915,2.1498,0.04998,36.8583,0.163226,36.62498532069562,0.2333146793043781,0.163226,20924,83942,325128,1306211,2933475,8132424
PS17bii,171.409,7.3336,0.07467,37.4501,0.192118,37.53332131387807,-0.0832213138780701,0.192118,14669,59814,244083,962976,2198321,6189703
PSNJ1602512,240.714,47.2248,0.02039,34.556,0.333904,34.63242787128218,-0.0764278712821848,0.333904,9479,47787,197686,796771,1768404,4941691
SCP05D0,35.4253,-3.3648,1.01236,44.1177,0.367085,43.98437482555363,0.1333251744463695,0.367085,26495,107666,429131,1735799,3854712,10698871
SN2016ajf,49.9771,41.565,0.01978,34.7627,0.339971,34.56551026667485,0.1971897333251533,0.339971,0,0,0,0,0,0
SN2016ayg,112.572,25.0321,0.04328,36.4165,0.166064,36.30227797826974,0.1142220217302565,0.166064,19519,79820,316352,1272401,2801732,6486468
SN2016gfr,274.898,23.7862,0.0163,33.8985,0.245383,34.139806469590724,-0.2413064695907252,0.245383,0,9866,79162,322023,943120,3599378
SN2016glp,354.058,23.696,0.08366,37.9686,0.221594,37.7931733593061,0.1754266406938995,0.221594,16317,63292,251862,1019647,2271126,6318895
SN2016glz,1.4732,8.4302,0.03975,35.9918,0.210464,36.11213207598336,-0.120332075983363,0.210464,11835,48532,216266,869538,2029479,6041158
SN2016gmb,8.6861,-6.1589,0.05708,36.9545,0.182842,36.92408263965429,0.0304173603457087,0.182842,26560,101871,393079,1487861,3158158,8649776
SN2016hhv,353.952,20.7088,0.06067,37.1383,0.198009,37.06187950886636,0.0764204911336463,0.198009,17550,64617,242548,989771,2199451,6257545
SN2017ckx,117.045,28.2307,0.02779,35.6596,0.251383,35.31639524605592,0.3432047539440788,0.251383,22524,81543,300047,1173524,2605033,7131399
SN2017coa,132.48,56.099,0.04045,36.4104,0.307187,36.15111120135376,0.2592887986462386,0.307187,11123,44666,185336,747470,1651072,4578336
SN2017hn,196.914,6.3376,0.02492,35.0621,0.190177,35.07520500767222,-0.0131050076722161,0.190177,16710,68005,269790,1109231,2446033,6670509
SN2017jl,14.3829,30.1852,0.01529,33.7706,0.30219,33.99930114641883,-0.2287011464188282,0.30219,13425,56464,235875,955664,2043658,5040269
SN2017ms,156.676,36.6805,0.02538,35.1181,0.200181,35.11564349748436,0.0024565025156348,0.200181,11278,45854,187890,762557,1704317,4787368
Spock,189.277,62.2533,0.83973,43.2012,0.390423,43.48835106005191,-0.2871510600519045,0.390423,10950,42808,177653,704749,1563137,4399033
carter,150.061,2.1924,1.54295,45.0902,0.371014,45.10435113174808,-0.014151131748072,0.371014,19002,72325,269801,1011069,2256885,6348478
iPTF17dz,126.107,24.9978,0.09284,38.2226,0.493293,38.032352010055774,0.1902479899442255,0.493293,15949,64374,255800,1027855,2287373,6482560
rutledge,215.2,53.0728,1.61499,45.1595,0.333024,45.22532356378403,-0.0658235637840292,0.333024,10337,43323,176046,714416,1651013,4604080
