CID,RA,DEC,zCMB,MU_SH0ES,MU_SH0ES_ERR_DIAG,mu_model,resid_mu,resid_mu_err,n_05deg,n_10deg,n_20deg,log_rho_05,log_rho_10,log_rho_20,rho_05_std,rho_10_std,rho_20_std,grad_logrho_logr,abs_grad,multiscale_var,sparse_reconnection,neck_score,abs_resid,low_density_tail,high_density_bulk
000137,161.159,57.8111,0.11878,38.5629,0.212381,38.60345455023139,-0.0405545502313913,0.212381,47060,184648,737925,4.7775712699028094,4.769197087299049,4.76880294847437,0.14410249938500355,0.15596101178841157,0.17232316986169105,-0.006325006920864911,0.006325006920864911,0.0049525370664382905,0.0,-0.8576278259282809,0.0405545502313913,1,0
03D1bp,36.6572,-4.8388,0.34594,41.3318,0.136683,41.19032803835758,0.1414719616424236,0.136683,104589,417035,1718353,5.1244002816313365,5.123023673710109,5.135902774174761,0.4033962613851817,0.3923164394695799,0.39371364042876966,0.008297294475130645,0.008297294475130645,0.007071935294516179,0.011502492543424836,-0.6600748225424804,0.1414719616424236,0,0
040137,214.46,52.801,0.44756,41.8552,0.223954,41.84484757534799,0.0103524246520123,0.223954,45124,179770,715443,4.759327333547543,4.757569761556396,4.755365781840601,0.1304631014935967,0.1481939822484088,0.16421948678730508,-0.002857655500915065,0.002857655500915065,0.0019849633841489546,0.0,-0.890467799813548,0.0103524246520123,1,0
040150,162.098,57.1482,0.38174,41.5615,0.198898,41.4391329145036,0.1223670854963998,0.198898,48054,186818,751473,4.7866487002208595,4.774271170375193,4.776704095149846,0.15088890126277957,0.1593504887853675,0.17708819141179857,-0.007173516209775344,0.007173516209775344,0.006557661397911138,0.0,-0.8442157003054263,0.1223670854963998,1,0
040201,184.46,47.4468,0.27987,40.5664,0.153331,40.6611242016092,-0.0947242016091962,0.153331,51348,194083,772326,4.815442108948611,4.790839861570461,4.7885913537064,0.17241521831630005,0.17041834022439234,0.1842571563127409,-0.01936872571603028,0.01936872571603028,0.01489568964917659,0.0,-0.7415529273365963,0.0947242016091962,0,0
040780,243.62,54.7258,0.23066,40.0717,0.296847,40.185724173516704,-0.1140241735167038,0.296847,53323,210719,820965,4.831832838384848,4.826555884923574,4.815115307326157,0.18466913524287937,0.19427656993042264,0.2002532155916408,-0.012059149577140448,0.012059149577140448,0.008546040977096539,0.0,-0.8113562369843639,0.1140241735167038,0,0
040782,242.077,54.9081,0.33739,41.0098,0.23724,41.127391564297135,-0.1175915642971361,0.23724,49703,200593,807879,4.801301459238887,4.8051680659311335,4.808136992781992,0.16184348949209518,0.17998955109331088,0.19604473541121517,0.0049307951722335226,0.0049307951722335226,0.0034275767138795825,0.0068355335431045106,-0.7681314092361392,0.1175915642971361,0,0
04D3ez,214.783,53.072,0.26348,40.3997,0.177345,40.51201101823731,-0.1123110182373068,0.177345,43429,176993,717161,4.742699947996058,4.7508086715713,4.7564074056751755,0.11803225745784245,0.1436775881265672,0.164847669027518,0.009887840608429331,0.009887840608429331,0.006891923021556911,0.013707457679117852,-0.6206542977519319,0.1123110182373068,1,0
04D4id,334.089,-17.229,0.76707,43.5587,0.25715,43.24905982367798,0.30964017632202,0.25715,0,0,0,0.10491011863382857,-0.4971498726941338,-1.0992098640220962,-3.3492381598242233,-3.361947861798997,-3.3665565214419995,-0.8685889638065035,0.8685889638065035,0.6020599913279623,0.0,6.44743368343028,0.30964017632202,1,0
04D4ju,334.261,-17.3328,0.47039,42.2151,0.404516,41.97267093004389,0.2424290699561098,0.404516,0,0,0,0.10491011863382857,-0.4971498726941338,-1.0992098640220962,-3.3492381598242233,-3.361947861798997,-3.3665565214419995,-0.8685889638065035,0.8685889638065035,0.6020599913279623,0.0,6.44743368343028,0.2424290699561098,1,0
050003,242.219,55.0048,0.42689,41.813,0.229539,41.72376753210033,0.0892324678996701,0.229539,50444,200366,806756,4.807728245004146,4.804676323053774,4.8075328783193365,0.16664823592993763,0.17966106786861466,0.19568040621299645,-0.00014092727366468366,0.00014092727366468366,0.0017084253821336812,0.0,-0.9036685797456493,0.0892324678996701,0,0
050005,211.812,53.9976,0.52851,42.0855,0.188829,42.27362253528853,-0.1881225352885209,0.188829,48881,195292,754197,4.794059085328115,4.7935368042042885,4.778275512376708,0.15642899902667246,0.1722198923240112,0.17803588131780296,-0.011385441212252092,0.011385441212252092,0.008965684403428355,0.0,-0.8116437293310202,0.1881225352885209,0,0
050201,241.703,54.9809,0.55011,42.3253,0.19588,42.377604486296505,-0.0523044862965065,0.19588,50409,197924,801056,4.807426816071979,4.799350780917616,4.804453555813355,0.16642288384244172,0.1761036167398201,0.19382332917046077,-0.002144753915194773,0.002144753915194773,0.004084542651195303,0.0,-0.8806463389196254,0.0523044862965065,0,0
050203,242.793,55.1223,0.57609,42.4887,0.202103,42.49769496432906,-0.0089949643290623,0.202103,50374,204341,806311,4.807125177782995,4.81320776703459,4.807293259246191,0.16619737523713696,0.18536005479686407,0.19553589680262212,0.00012124514670953234,0.00012124514670953234,0.0034642831331777742,0.0001680814631965788,-0.8904373595129723,0.0089949643290623,0,0
050301,244.724,55.7829,0.34704,41.1174,0.244272,41.19832050921708,-0.0809205092170799,0.244272,51565,204832,812252,4.817273562910376,4.814250053063623,4.81048146003437,0.17378443649476066,0.18605629970784449,0.19745863613220513,-0.00489946656821097,0.00489946656821097,0.003402855827384838,0.0,-0.8731454307697202,0.0809205092170799,0,0
050303,241.437,56.0744,0.32829,41.3079,0.308428,41.05876672249343,0.2491332775065657,0.308428,44772,190227,775943,4.755926313749797,4.782124569194881,4.790620515266283,0.1279204560165082,0.1645965429488095,0.1854809025559919,0.025026576237717837,0.025026576237717837,0.01808414271712703,0.03469420151648528,-0.16651744068297786,0.2491332775065657,1,0
05D1ke,36.6929,-4.8625,0.68867,42.8137,0.226508,42.96498658679509,-0.151286586795095,0.226508,104564,418113,1719492,5.124296460426017,5.1241448368819995,5.136190548140844,0.40331864333711637,0.39306537414879794,0.39388719107986686,0.008579770681039808,0.008579770681039808,0.006911240506095298,0.01189408771482725,-0.6538611778836156,0.151286586795095,0,0
05D2ac,149.747,2.4895,0.48071,41.9748,0.139221,42.02856228366798,-0.0537622836679787,0.139221,67448,265716,1010754,4.933885633832244,4.927269467828349,4.905436034355655,0.26096509768936044,0.2615530349417495,0.25472381693521406,-0.020522048040075767,0.020522048040075767,0.01488764689362715,0.0,-0.7367160815990997,0.0537622836679787,0,0
05D2bt,150.418,2.5662,0.68195,42.8376,0.239367,42.93921201426994,-0.1016120142699392,0.239367,71237,264931,1002973,4.957621836820367,4.925984545339157,4.902079810969524,0.2787105836788885,0.26069470937737976,0.2526997465795114,-0.040065102627969064,0.040065102627969064,0.027860578999623326,0.0,-0.5745757701298085,0.1016120142699392,0,0
05D3lr,215.551,53.1843,0.6006,42.6116,0.278838,42.60639158042777,0.0052084195722343,0.278838,43589,174153,712207,4.744296987651513,4.743783581167463,4.753396983631699,0.11922622453188463,0.1389848422712042,0.16303214445858322,0.006564259536362134,0.006564259536362134,0.005408188544492053,0.009099995980186293,-0.7144024490533312,0.0052084195722343,1,0
05D4bj,333.749,-18.1334,0.69916,42.9402,0.338462,43.00474388561084,-0.0645438856108384,0.338462,0,0,0,0.10491011863382857,-0.4971498726941338,-1.0992098640220962,-3.3492381598242233,-3.361947861798997,-3.3665565214419995,-0.8685889638065035,0.8685889638065035,0.6020599913279623,0.0,6.44743368343028,0.0645438856108384,1,0
05D4ev,333.377,-17.7008,0.72013,43.1612,0.243162,43.08253563256257,0.0786643674374332,0.243162,0,0,0,0.10491011863382857,-0.4971498726941338,-1.0992098640220962,-3.3492381598242233,-3.361947861798997,-3.3665565214419995,-0.8685889638065035,0.8685889638065035,0.6020599913279623,0.0,6.44743368343028,0.0786643674374332,1,0
06D3et,215.52,52.3384,0.57661,42.4263,0.166843,42.50004607837036,-0.0737460783703625,0.166843,44125,176180,707132,4.749604679286043,4.748809198010266,4.750291241053153,0.12319432202348506,0.14234194392456126,0.16115913400532939,0.0004952496283368722,0.0004952496283368722,0.000741688288202648,0.0006865617671101276,-0.8975612499393342,0.0737460783703625,1,0
090201,353.328,-0.9507,0.50817,42.0193,0.184312,42.171990754748165,-0.1526907547481641,0.184312,116275,455610,1655658,5.170400201864593,5.161444328186219,5.119761030221411,0.4377863843727167,0.4179813571700875,0.38397888154462295,-0.03652844090217232,0.03652844090217232,0.027024774767096284,0.0,-0.594670830686853,0.1526907547481641,0,1
091869,351.908,-1.7625,0.28843,40.7458,0.165419,40.73582531589023,0.0099746841097712,0.165419,91728,343589,1436071,5.067416777628734,5.038890642744414,5.057966350549099,0.3607946720569161,0.33611574884960466,0.3467117616676426,-0.006817042141036696,0.006817042141036696,0.01453119386971642,0.0,-0.7969573664705344,0.0099746841097712,0,0
100101,132.141,43.9852,0.42967,41.9219,0.19807,41.74036552575,0.1815344742500002,0.19807,46417,181032,737473,4.771596542826199,4.760607875719686,4.7685368496374965,0.13963571774843359,0.15022343622385007,0.1721626910420664,-0.0022071020949913185,0.0022071020949913185,0.005671289603139276,0.0,-0.8706771780085091,0.1815344742500002,1,0
10550,349.675,-1.2049,0.29923,41.0113,0.341681,40.82720813664015,0.1840918633598463,0.341681,121286,442575,1551366,5.1887243726675525,5.148837986625593,5.091504685062136,0.4514857665534442,0.4095603470891913,0.3669380520117233,-0.07012918059255402,0.07012918059255402,0.04887006397538473,0.0,-0.3187092717491449,0.1840918633598463,0,1
110716,128.986,43.4945,0.31577,41.2033,0.233304,40.961422221859536,0.2418777781404628,0.233304,48755,193978,757194,4.792938187007865,4.790604843433134,4.779997873494202,0.1555910012454923,0.1702613485948932,0.17907460242741108,-0.009334463066854691,0.009334463066854691,0.006896907729253499,0.0,-0.8329859391100958,0.2418777781404628,0,0
1279500,36.9257,-4.3149,0.23471,40.2784,0.167703,40.22822806175505,0.0501719382449508,0.167703,103173,420967,1685693,5.118480386863325,5.127099211379977,5.127568876982696,0.39897047307701017,0.3950388902010613,0.3886876358059433,0.006555959812192496,0.006555959812192496,0.005117052772790192,0.009088490119371073,-0.7163945711966819,0.0501719382449508,0,0
12860,323.694,1.1759,0.12042,38.7926,0.252257,38.63546571537832,0.1571342846216765,0.252257,125633,479079,1792735,5.204017305918452,5.183258168189186,5.154306475632213,0.4629189571475087,0.4325529571608241,0.4048125400756644,-0.03585878416621496,0.03585878416621496,0.02496767559907335,0.0,-0.6100896639723211,0.1571342846216765,0,1
12927,41.7861,0.7751,0.18892,39.4384,0.149571,39.70217550463772,-0.2637755046377137,0.149571,99969,411541,1651741,5.104779810742096,5.117264291124984,5.118732348013871,0.38872774884140354,0.38846918381845935,0.38335850413758726,0.010064628164903654,0.010064628164903654,0.007666928304738169,0.013952537271774368,-0.6114102048206952,0.2637755046377137,0,0
12950,351.667,-0.8403,0.08141,37.7215,0.219648,37.73073694675067,-0.0092369467506685,0.219648,108642,418215,1632292,5.140911868072621,5.124250771231775,5.113588254159134,0.4157405325394728,0.3931361380752777,0.3802562053092819,-0.019709821146076292,0.019709821146076292,0.013771112854799329,0.0,-0.7469861314731034,0.0092369467506685,0,0
1306073,36.8506,-3.7494,0.32859,41.1,0.144172,41.06105693336829,0.0389430666317096,0.144172,106907,421258,1669727,5.133920323616767,5.127399319781305,5.123435865975705,0.4105135653514775,0.3952393619922461,0.38619510056719464,-0.007562937522585182,0.007562937522585182,0.005293963687044183,0.0,-0.8502950778940709,0.0389430666317096,0,0
13070,357.785,-0.7463,0.19719,39.8018,0.14158,39.80536358045043,-0.0035635804504323,0.14158,105407,405999,1601984,5.12778369178747,5.111376160883061,5.105448581279352,0.4059257416711623,0.38453592499896677,0.3753473334358646,-0.016111376583884555,0.016111376583884555,0.011570079456276479,0.0,-0.7756930881983207,0.0035635804504323,0,0
1308582,37.1372,-4.3728,0.36705,41.2088,0.151911,41.33976533829163,-0.1309653382916309,0.151911,101730,419068,1685495,5.112363432200165,5.125135663045738,5.127517862173376,0.39439736029532363,0.3937272439762279,0.38865686980756753,0.010931610484925714,0.010931610484925714,0.008149248444583708,0.015154429973211592,-0.5863725219447955,0.1309653382916309,0,0
1316437,42.5626,-0.745,0.47196,42.0374,0.25691,41.9812471804617,0.0561528195382976,0.25691,96737,395677,1604488,5.090507223001723,5.100192031137183,5.106126879998596,0.3780573814743979,0.37706494946787006,0.3757564016568917,0.011267200844887606,0.011267200844887606,0.007884495590804022,0.015619656996872955,-0.5794421655701979,0.0561528195382976,0,0
1317286,36.0079,-6.8106,0.28198,40.5986,0.166629,40.67973150869896,-0.0811315086989594,0.166629,105620,414794,1655507,5.128660393625218,5.1206836400047955,5.119721419735553,0.4065811750691043,0.3907533017957897,0.383954993262773,-0.00644810665062751,0.00644810665062751,0.004906793256421239,0.0,-0.8573860981986466,0.0811315086989594,0,0
1332413,36.2749,-5.853,0.60873,42.6179,0.230751,42.641520609356,-0.0236206093560014,0.230751,98956,418228,1700963,5.100356639296983,5.124264270812178,5.131485258075601,0.38542092984647786,0.39314515576705716,0.3910495259305818,0.022454551970817905,0.022454551970817905,0.016292679382621644,0.03112861877861839,-0.24300072443844356,0.0236206093560014,0,0
13370,27.1515,0.3282,0.19846,40.3246,0.238597,39.82085296030183,0.5037470396981689,0.238597,102085,421836,1697362,5.113876305974026,5.127994797045739,5.130564866945104,0.3955284038902664,0.3956371395728889,0.39049445667905636,0.012038252076273558,0.012038252076273558,0.008985591398780624,0.016688560971077848,-0.5530638513671591,0.5037470396981689,0,0
1338266,34.905,-5.8691,0.64846,43.0397,0.272369,42.80703105560486,0.2326689443951437,0.272369,110462,423393,1670209,5.14812695243144,5.129594826559985,5.123561215573051,0.421134620990214,0.39670595597806074,0.38627069637084005,-0.017720433370690142,0.017720433370690142,0.012801820041519375,0.0,-0.7613426390002038,0.2326689443951437,0,0
1345582,33.7065,-4.6747,0.45878,41.9679,0.252185,41.90840846046906,0.0594915395309385,0.252185,109179,433721,1749463,5.143053208603771,5.140061579051765,5.143695146093651,0.4173414258421355,0.40369772498762174,0.3984130621260294,0.00046306001660549774,0.00046306001660549774,0.0019392756622525049,0.0006419374898802843,-0.8910565222710194,0.0594915395309385,0,1
13727,317.588,0.9326,0.22534,40.1329,0.188923,40.12883086263482,0.0040691373651782,0.188923,125397,481958,1769767,5.20320072852653,5.1858602219117005,5.1487064741342765,0.46230847354678406,0.4342911236640045,0.40143529258054766,-0.03930929528432257,0.03930929528432257,0.027840970724620228,0.0,-0.5778976699680369,0.0040691373651782,0,1
13830,351.562,-0.3823,0.32985,40.8444,0.209813,41.07065477922046,-0.2262547792204614,0.209813,110371,431731,1682885,5.147769030905503,5.1380643670864545,5.1268448335058325,0.4208670343240974,0.4023635915268804,0.38825097984799484,-0.015093617911543386,0.015093617911543386,0.01047123417135287,0.0,-0.7867256814869849,0.2262547792204614,0,1
140152,162.393,57.6157,0.20864,39.8798,0.15965,39.94179308726686,-0.0619930872668561,0.15965,50033,188703,744502,4.804175342854153,4.778631233403579,4.772656588073917,0.16399204128261305,0.16226300186767686,0.17464722186229306,-0.02273597560822075,0.02273597560822075,0.016741315247687825,0.0,-0.7159992057809494,0.0619930872668561,1,0
14157,51.1367,1.0224,0.21083,39.806,0.155718,39.96709439044967,-0.1610943904496693,0.155718,58137,238954,845344,4.869370206200612,4.881166249627382,4.827824124238432,0.21273254685895351,0.23075618056770184,0.20791764569914964,-0.02996916320760208,0.02996916320760208,0.02801965354278132,0.0,-0.6163741612864914,0.1610943904496693,0,0
14437,332.081,-1.1964,0.14792,39.0382,0.157931,39.11880428243464,-0.0806042824346349,0.157931,92846,364123,1499533,5.072677994351046,5.064099432232827,5.076746453252499,0.36472802431550433,0.35295516807271665,0.3580376612832887,0.0029347727405934164,0.0029347727405934164,0.006456149865579896,0.00406845890145302,-0.800459388753725,0.0806042824346349,0,0
150254,183.211,47.1458,0.27508,40.5286,0.241865,40.61839770321263,-0.089797703212632,0.241865,46195,191316,770532,4.769514491308255,4.784603689482477,4.787581379176408,0.1380791496629809,0.16625259017180444,0.18364806112717605,0.013032504765840273,0.013032504765840273,0.00968644219768598,0.01806688786815247,-0.523447166568503,0.089797703212632,0,0
15440,39.7207,0.0901,0.2613,40.447,0.207526,40.49153620841223,-0.0445362084122251,0.207526,100785,423668,1716929,5.108310327876108,5.129876814999379,5.135542725120505,0.3913672081672586,0.39689432367216276,0.393496502135672,0.01964402222800497,0.01964402222800497,0.01436906030339466,0.027232397244397077,-0.3263685952410681,0.0445362084122251,0,0
160039,184.975,48.1403,0.27085,40.4887,0.166124,40.58009150712589,-0.0913915071258912,0.166124,52757,201428,754651,4.82719844217557,4.806972123976819,4.778536863340335,0.1812044019389548,0.18119465813536417,0.17819349679122404,-0.035101909233710385,0.035101909233710385,0.024445917348573366,0.0,-0.6164873875261602,0.0913915071258912,0,0
16093,350.362,1.1325,0.33439,41.1204,0.23572,41.10495892647402,0.0154410735259773,0.23572,104136,404077,1515549,5.1225151809094305,5.10931533325781,5.081360404867551,0.40198693620936604,0.3831592964090017,0.3608202420630025,-0.029686895652257624,0.029686895652257624,0.021013605078566543,0.0,-0.6604210928164352,0.0154410735259773,0,0
16350,323.639,-0.8858,0.23684,40.2279,0.210237,40.25031063580981,-0.0224106358098126,0.210237,138733,501605,1848352,5.247093026735658,5.203212850007527,5.16757505270611,0.4951229116145739,0.4458826433306939,0.4128145502006791,-0.05736009339698296,0.05736009339698296,0.03983011988422978,0.0,-0.4280964006330493,0.0224106358098126,0,1
17220,9.7015,-0.1792,0.17769,39.3394,0.257355,39.55512407924062,-0.2157240792406227,0.257355,115306,460230,1822468,5.166765791662216,5.165825995605261,5.161450285728717,0.4350692532730728,0.42090830194065715,0.4091208272721765,-0.0038343270250374728,0.0038343270250374728,0.002836801511133659,0.0,-0.881120042155682,0.2157240792406227,0,1
17340,41.2121,0.3648,0.25625,40.3729,0.207312,40.44349349522032,-0.0705934952203151,0.207312,107470,431453,1684074,5.136201408568437,5.137784626983757,5.1271515648047385,0.41221893335288157,0.4021767257170405,0.38843596328260394,-0.006528082359353585,0.006528082359353585,0.005736843847750463,0.0,-0.8519704418951116,0.0705934952203151,0,1
18030,4.933,-0.4001,0.15518,39.3994,0.175858,39.23229835340023,0.1671016465997752,0.175858,106251,424520,1694322,5.131247232234191,5.130749305887109,5.129786342294804,0.4085151283772924,0.39747714578004617,0.3900249442287329,-0.0010538093354190057,0.0010538093354190057,0.0007426785915662502,0.0,-0.9057079636820059,0.1671016465997752,0,0
18617,345.762,0.8492,0.3257,41.1639,0.271274,41.03891379897301,0.1249862010269851,0.271274,118371,439843,1604762,5.178159104098543,5.146148799355161,5.106201038517984,0.44358703795473925,0.4077639755562751,0.375801125158115,-0.05190677218251777,0.05190677218251777,0.03605192183449805,0.0,-0.4743079376774664,0.1249862010269851,0,1
18650,328.447,0.0151,0.11243,38.6214,0.163201,38.47544638911949,0.145953610880511,0.163201,105418,424210,1727333,5.127829010833942,5.1304320531020675,5.138166457524566,0.40595962276430214,0.39726522157601124,0.39507882201411065,0.007456891538008537,0.007456891538008537,0.005376796519953426,0.010337446690623864,-0.6918533210205904,0.145953610880511,0,0
18740,16.8553,1.0437,0.15317,39.0991,0.159928,39.20138166059132,-0.1022816605913234,0.159928,112390,456012,1882128,5.155641654005389,5.161827350996153,5.175439522374241,0.42675270706584767,0.41823721561467697,0.4175574525904203,0.014281143257957627,0.014281143257957627,0.010128422457276472,0.019797868368852,-0.48893295455773156,0.1022816605913234,0,1
18807,46.6409,0.7933,0.18714,39.7694,0.13671,39.67941821617536,0.0899817838246406,0.13671,61683,252999,1080847,4.895082647126816,4.905970648481684,4.9345547592533885,0.23195549336142535,0.24732546768388217,0.2722847302239169,0.0284731102092099,0.0284731102092099,0.020386464454981802,0.03947211212657287,-0.06463015406911299,0.0899817838246406,0,0
18927,46.6825,-0.754,0.21214,39.9374,0.243726,39.9821128492864,-0.0447128492864052,0.243726,64868,248684,1058807,4.916947321669198,4.898499717908772,4.9256073500038235,0.2483018009807012,0.24233490151798742,0.2668887289037362,0.006246889966160845,0.006246889966160845,0.013845179022912053,0.008660028334625203,-0.6708847305185479,0.0447128492864052,0,0
18940,10.349,0.412,0.21099,39.9552,0.163264,39.968933331946175,-0.0137333319461774,0.163264,120783,473941,1832192,5.186919526661238,5.178575324209529,5.163761355539095,0.4501364408194867,0.4294248270708763,0.41051458667224405,-0.01670508931698663,0.01670508931698663,0.011728741563968283,0.0,-0.7722074052080795,0.0137333319461774,0,1
19027,328.884,-0.372,0.29114,40.484,0.219145,40.75904870471513,-0.2750487047151253,0.219145,105057,422568,1686511,5.1263392474706935,5.128747761000012,5.127779571639644,0.404845856805043,0.39614011793651577,0.38881470148667113,0.0010389742679089917,0.0010389742679089917,0.001211944839923555,0.0014403241689509017,-0.8808328229900639,0.2750487047151253,0,0
19207,333.464,-0.9203,0.25721,40.5776,0.249962,40.45269326914142,0.1249067308585765,0.249962,103771,404268,1573547,5.120990305615454,5.109520567513859,5.097670131283819,0.4008469201259773,0.38329639246742747,0.37065630776864217,-0.01682194993045757,0.01682194993045757,0.011660605057337544,0.0,-0.7721290699222382,0.1249067308585765,0,0
19230,332.891,0.7648,0.22005,39.9228,0.242946,40.07101279796318,-0.1482127979631755,0.242946,123558,474672,1688744,5.196784503402127,5.179244656507903,5.128354212160101,0.45751162237780346,0.42987193966139037,0.3891612555472405,-0.04936202091072938,0.04936202091072938,0.035543842210379414,0.0,-0.48819631756235915,0.1482127979631755,0,1
1990O,258.901,16.322,0.03093,35.4926,0.166476,35.55373979440757,-0.0611397944075662,0.166476,91038,357229,1449587,5.064137597288656,5.055798050891256,5.062034721142765,0.35834311530156204,0.34740986251150013,0.34916531358217856,-0.0015169044936407994,0.0015169044936407994,0.004337168393191808,0.0,-0.8817610809371292,0.0611397944075662,0,0
19940,315.393,-0.2685,0.15591,38.9704,0.179204,39.243434278857805,-0.273034278857807,0.179204,85102,343044,1537893,5.034854988477303,5.0382012210215406,5.087716538542442,0.33645106606947955,0.3356552165650888,0.36465349756124904,0.038131548066340046,0.038131548066340046,0.029600978071467617,0.05286155006513926,0.23779169866675942,0.273034278857807,0,0
1996bl,9.0749,11.3946,0.03481,35.7348,0.155656,35.81636803549163,-0.0815680354916281,0.155656,52366,231233,911055,4.823967813391438,4.866901819194301,4.86033520860789,0.17878914294176557,0.22122757055047065,0.22752442228496794,0.026233530364412033,0.026233530364412033,0.02312659603034074,0.036367395216451825,-0.10492731760807783,0.0815680354916281,0,0
2000dg,1.5575,8.8882,0.03725,36.0748,0.289284,35.967239448921376,0.1075605510786275,0.289284,52272,207841,882814,4.823187544043576,4.820583440137901,4.846659839672194,0.17820580369464706,0.190286989170146,0.21927708422623732,0.0169316822508431,0.0169316822508431,0.014362617170400042,0.023472295628617523,-0.3955089083388947,0.1075605510786275,0,0
2000dk,16.848,32.4064,0.01649,34.1436,0.28269,34.16527333072595,-0.0216733307259531,0.28269,58787,183050,587983,4.874198804137784,4.765422233062589,4.670155644356334,0.21634246783435196,0.15343941696835445,0.11283097850148557,-0.14718602737200603,0.14718602737200603,0.10209609557683219,0.0,0.3332877155819851,0.0216733307259531,1,0
2000dm,274.746,16.2482,0.01472,34.0109,0.270222,33.91589604458839,0.095003955411606,0.270222,0,0,0,0.10491011863382857,-0.4971498726941338,-1.0992098640220962,-3.3492381598242233,-3.361947861798997,-3.3665565214419995,-0.8685889638065035,0.8685889638065035,0.6020599913279623,0.0,6.44743368343028,0.095003955411606,1,0
2001br,277.607,34.1036,0.02046,34.8118,0.300223,34.639980330515435,0.171819669484563,0.300223,95140,386841,1538796,5.0832778304875195,5.090383747261847,5.087971466923888,0.3726525960654681,0.37051303613177,0.3648072397054231,0.0033857430052420096,0.0033857430052420096,0.0036134787631261146,0.004693636436368109,-0.8063568837542835,0.171819669484563,0,0
2002de,244.127,35.7084,0.0305,35.3638,0.283742,35.52267142458615,-0.1588714245861524,0.283742,52807,207012,834489,4.827609838377358,4.818847746439053,4.822211272714151,0.1815119669500317,0.18912754937033888,0.20453264861337658,-0.0038942419551107363,0.0038942419551107363,0.004420257823523749,0.0,-0.8711813162261297,0.1588714245861524,0,0
2002jy,20.3178,40.4987,0.0187,34.9988,0.187715,34.441879852468034,0.5569201475319687,0.187715,0,0,0,0.10491011863382857,-0.4971498726941338,-1.0992098640220962,-3.3492381598242233,-3.361947861798997,-3.3665565214419995,-0.8685889638065035,0.8685889638065035,0.6020599913279623,0.0,6.44743368343028,0.5569201475319687,1,0
2003kc,146.643,30.6553,0.0341,35.8566,0.205773,35.770523081693135,0.0860769183068654,0.205773,60092,242724,979488,4.883734004306636,4.887964637065446,4.891789699058913,0.2234711042505632,0.23529748931096026,0.2464939884761628,0.005810955435012453,0.005810955435012453,0.004029548583808505,0.008055694752276743,-0.7420261725075008,0.0860769183068654,0,0
20040,328.879,0.8151,0.28655,40.6389,0.217509,40.71959602270656,-0.0806960227065616,0.217509,121403,454886,1666283,5.189143114675449,5.160753652816985,5.122539160132294,0.45179882338220806,0.4175199874523962,0.385654315432649,-0.04804459746150211,0.04804459746150211,0.033422536699429364,0.0,-0.5067521129648705,0.0806960227065616,0,1
2004br,187.783,0.6132,0.02426,34.807,0.18246,35.01588403420042,-0.2088840342004161,0.18246,66809,253990,1022575,4.9297515903875295,4.907668455266015,4.910485731536542,0.25787443444954145,0.24845959910317675,0.25776918704119234,-0.013897379511393224,0.013897379511393224,0.01201925690746385,0.0,-0.7823253581242087,0.2088840342004161,0,0
2004gs,129.597,17.6277,0.02829,35.5996,0.235009,35.35589709211966,0.2437029078803405,0.235009,68368,251253,989375,4.939769346366863,4.902963111820379,4.896151507142529,0.2653638357015751,0.24531643941650463,0.24912450659834526,-0.0314636201716199,0.0314636201716199,0.02346491266543168,0.0,-0.637901081006559,0.2437029078803405,0,0
2004gu,191.603,11.9489,0.0467,36.4713,0.19409,36.47262618018118,-0.0013261801811808,0.19409,66695,253678,997251,4.929009907122807,4.907134644343907,4.899595051943078,0.25731994264689767,0.2481030145116245,0.2512012387306963,-0.021218332848130933,0.021218332848130933,0.015278559489586351,0.0,-0.7313753389930875,0.0013261801811808,0,0
2005de,270.597,26.0521,0.01495,34.1793,0.26677,33.949928923674754,0.2293710763252434,0.26677,105826,445615,1698310,5.129506603488415,5.151810903248381,5.130807358526769,0.40721381228067005,0.41154624924246597,0.3906406984411465,0.0009382964216224254,0.0009382964216224254,0.012518803472676593,0.00130075503835414,-0.8142415794462537,0.2293710763252434,0,1
2005kc,338.531,5.5684,0.01386,34.0187,0.307194,33.78380361956941,0.234896380430591,0.307194,64788,246982,997228,4.916411395417657,4.895517188823527,4.899585035529701,0.24790113572716815,0.24034257825967953,0.25119519803463575,-0.012137652983283466,0.012137652983283466,0.011077316410139728,0.0,-0.7955416132156989,0.234896380430591,0,0
2006ev,322.747,13.9892,0.02759,35.6739,0.216353,35.300398912812724,0.3735010871872788,0.216353,83787,338795,1365373,5.028091942670319,5.032788401490561,5.036041764562378,0.3313949273654743,0.33203946431712345,0.3334894878642494,0.005734584309812222,0.005734584309812222,0.003996681224106636,0.007949821892059283,-0.7441728674865129,0.3735010871872788,0,0
2006qo,120.035,56.3688,0.02871,35.4779,0.275376,35.388552930960714,0.0893470690392845,0.275376,48207,187327,741972,4.788029232963111,4.775452823723545,4.771178237800921,0.15192100502629913,0.16013983077731211,0.17375565875142227,-0.012155423577267567,0.012155423577267567,0.00875970121376939,0.0,-0.809641562687604,0.0893470690392845,1,0
2008050,204.198,5.1418,0.04627,36.2636,0.218105,36.45188692693954,-0.1882869269395399,0.218105,64872,263087,1047776,4.916974100629415,4.922951166753654,4.921058996893882,0.24832182127053323,0.2586684187581031,0.2641457092539881,0.002946629791646082,0.002946629791646082,0.003054832339185798,0.004084896264466842,-0.8209607978037553,0.1882869269395399,0,0
2008051,229.995,4.9046,0.03835,36.0125,0.17035,36.03212555178247,-0.0196255517824681,0.17035,70822,282136,1106937,4.955084437777904,4.953310171426958,4.944913432545932,0.27681359201680994,0.2789481710693023,0.27853183630823997,-0.007336829404510779,0.007336829404510779,0.005432964082785629,0.0,-0.8504028141168206,0.0196255517824681,0,0
2008bf,181.012,20.2452,0.02451,35.1061,0.235556,35.038538686073416,0.067561313926582,0.235556,62884,247183,1003237,4.903457183886556,4.895870483137703,4.902194109701546,0.23821640311237077,0.24057857813060843,0.25276867783007606,-0.0009111154314943457,0.0009111154314943457,0.004064923893679526,0.0,-0.8859926293732896,0.067561313926582,0,0
2008gg,21.346,-18.1724,0.03107,35.67,0.236835,35.56376384482163,0.1062361551783723,0.236835,111406,453918,1805268,5.151822598213583,5.159828488992221,5.157332060508355,0.4238975325848818,0.41690197993155037,0.4066372090419103,0.00397423696531631,0.00397423696531631,0.004096352383768982,0.005509462294772227,-0.7884107218116927,0.1062361551783723,0,1
2009D,58.5951,-19.1817,0.02476,35.008,0.162015,35.06096726178399,-0.0529672617839906,0.162015,110602,441740,1720974,5.148677025582398,5.148017837289639,5.136564697507726,0.4215458626449311,0.409012489029603,0.3941128329859571,-0.008737197823474407,0.008737197823474407,0.006810744348182719,0.0,-0.8360432481672236,0.0529672617839906,0,1
2009dc,237.801,25.7078,0.02179,34.3468,0.19901,34.77883449732403,-0.4320344973240253,0.19901,67659,265338,1043329,4.93524211208579,4.9266512153582385,4.919211831280167,0.26197921801245727,0.26114004357083476,0.2630317210801846,-0.011563403311164896,0.011563403311164896,0.008022030548762188,0.0,-0.8166614667421801,0.4320344973240253,0,0
2009na,161.756,26.5439,0.02209,34.7477,0.199095,34.80899916138554,-0.0612991613855413,0.199095,58918,232491,935020,4.875165485823984,4.8692581408086975,4.871611500948499,0.21706517130665448,0.22280158851382967,0.2343249258340404,-0.0025636581776278746,0.0025636581776278746,0.00297393783762671,0.0,-0.8856644499182272,0.0612991613855413,0,0
2010Y,162.766,65.7797,0.01142,33.7403,0.254135,33.35942260335601,0.3808773966439887,0.254135,44708,179711,728931,4.755305074806071,4.757427204747521,4.763477152084348,0.12745600991375247,0.14809875459502003,0.16911128991409932,0.005894907681565932,0.005894907681565932,0.004240443084335085,0.008172077278277179,-0.7385974694057245,0.3808773966439887,1,0
2010ag,255.973,31.5017,0.03336,35.8159,0.198961,35.72173707667897,0.0941629233210292,0.198961,71588,274679,1080728,4.959756414596639,4.941677166028034,4.934506941346926,0.2803064210603495,0.2711773475306615,0.27225589221291224,-0.01821364492121026,0.01821364492121026,0.013011579779636002,0.0,-0.7579701996544488,0.0941629233210292,0,0
2010kg,70.035,7.35,0.01595,33.9999,0.334729,34.09211606894792,-0.0922160689479199,0.334729,0,0,0,0.10491011863382857,-0.4971498726941338,-1.0992098640220962,-3.3492381598242233,-3.361947861798997,-3.3665565214419995,-0.8685889638065035,0.8685889638065035,0.6020599913279623,0.0,6.44743368343028,0.0922160689479199,1,0
2013ex,83.1942,-14.0459,0.01096,33.4336,0.283424,33.26940885919768,0.1641911408023162,0.283424,0,0,0,0.10491011863382857,-0.4971498726941338,-1.0992098640220962,-3.3492381598242233,-3.361947861798997,-3.3665565214419995,-0.8685889638065035,0.8685889638065035,0.6020599913279623,0.0,6.44743368343028,0.1641911408023162,1,0
2013gq,124.473,23.4696,0.01457,33.7526,0.2163,33.893416011254246,-0.1408160112542447,0.2163,69502,283957,1064315,4.946913669343751,4.95610423595455,4.9278607269831065,0.2707050220469424,0.2808146003930178,0.2682476949257349,-0.013743792729022845,0.013743792729022845,0.014405883787799978,0.0,-0.7683786961791571,0.1408160112542447,0,0
2013gs,142.787,46.3848,0.01748,34.2221,0.320412,34.29344730935766,-0.0713473093576624,0.320412,46569,182279,723565,4.7730163565665595,4.763589147216277,4.760268287367307,0.14069718848366097,0.1522149194155392,0.16717608858749453,-0.009195788107335644,0.009195788107335644,0.006613290338143506,0.0,-0.8353081236985159,0.0713473093576624,1,0
2014bj,290.663,43.8908,0.04239,36.5106,0.426487,36.25580119942797,0.2547988005720327,0.426487,0,0,0,0.10491011863382857,-0.4971498726941338,-1.0992098640220962,-3.3492381598242233,-3.361947861798997,-3.3665565214419995,-0.8685889638065035,0.8685889638065035,0.6020599913279623,0.0,6.44743368343028,0.2547988005720327,1,0
2016hpw,317.283,-18.1039,0.02019,34.8165,0.241825,34.6107077262156,0.2057922737843966,0.241825,0,0,0,0.10491011863382857,-0.4971498726941338,-1.0992098640220962,-3.3492381598242233,-3.361947861798997,-3.3665565214419995,-0.8685889638065035,0.8685889638065035,0.6020599913279623,0.0,6.44743368343028,0.2057922737843966,1,0
20227,349.12,-0.0985,0.27574,40.6631,0.213576,40.624325462366414,0.0387745376335857,0.213576,113017,437431,1710319,5.158057736259934,5.143760677646902,5.133867510248651,0.428559000760717,0.4061687151960076,0.3924862139720283,-0.017449559552230882,0.017449559552230882,0.012161741107747653,0.0,-0.7664051090743834,0.0387745376335857,0,1
20430,312.417,0.4686,0.16593,39.4938,0.241887,39.39155911353368,0.1022408864663262,0.241887,93938,375838,1576478,5.077756051351471,5.077851971207629,5.098478325939808,0.3685244440461644,0.3621418356548835,0.37114371359853515,0.014947961392266649,0.014947961392266649,0.011936417485095212,0.020722274588337086,-0.46088652481730363,0.1022408864663262,0,0
300105,351.71,-0.7301,0.09181,38.1602,0.266341,38.00666607780474,0.1535339221952654,0.266341,110388,422526,1647001,5.147835917775983,5.128704593435014,5.117484262523758,0.42091703979563694,0.3961112820924076,0.38260580905407227,-0.02189409125757787,0.02189409125757787,0.015346695482238269,0.0,-0.7280957554309627,0.1535339221952654,0,0
310039,36.2156,-3.3448,0.17156,39.4603,0.214715,39.47116657015734,-0.01086657015734,0.214715,108983,434696,1685622,5.142272862246402,5.141036770284967,5.127550584482632,0.41675802902173403,0.4043491507138012,0.3886766039696048,-0.010619878560189856,0.010619878560189856,0.008166502651949523,0.0,-0.8197750642225486,0.01086657015734,0,1
350235,184.35,48.3462,0.26384,40.5588,0.167704,40.51537712415737,0.04342287584263,0.167704,50330,200516,757486,4.806745677883889,4.80500132567461,4.780165319849657,0.1659136563059339,0.17987816894692646,0.17917558593335042,-0.019173675360519556,0.019173675360519556,0.014868228896963702,0.0,-0.7425472143292546,0.04342287584263,0,0
360139,185.739,47.5675,0.38594,41.5217,0.152114,41.46689214696262,0.0548078530373814,0.152114,47911,198688,759451,4.785354418709981,4.801023951277586,4.781290466126819,0.14992128001226668,0.1772212910786125,0.17985413886723545,-0.0029315221190678955,0.0029315221190678955,0.010420015976323097,0.0,-0.838563535849334,0.0548078530373814,0,0
360156,150.807,1.8953,0.04673,36.5081,0.209562,36.47406617947381,0.03403382052619,0.209562,66027,255807,1019756,4.92463826124807,4.9107642495498585,4.909286831139813,0.2540516448209929,0.2505275832798113,0.257046154491426,-0.011073716043868198,0.011073716043868198,0.008468937085305397,0.0,-0.8160026062672533,0.03403382052619,0,0
420352,35.1822,-3.9625,0.38886,41.383,0.199578,41.4860269789141,-0.1030269789140945,0.199578,108984,440235,1730990,5.1422768471661096,5.146535681111739,5.139084945817192,0.4167610081981795,0.40802241176923887,0.39563274370265117,-0.002302470123544997,0.002302470123544997,0.003738077875661617,0.0,-0.882097259084938,0.1030269789140945,0,1
430003,333.38,-0.4529,0.32843,40.934,0.295651,41.05983572799887,-0.1258357279988686,0.295651,107511,422556,1670329,5.136367059563854,5.128735427847836,5.123592417317591,0.4123427761351414,0.3961318794163786,0.38628951351109025,-0.00921495650890755,0.00921495650890755,0.006427594735243387,0.0,-0.8363626873535531,0.1258357279988686,0,0
450339,36.2874,-3.3534,0.40927,41.7061,0.274957,41.61617084497699,0.0899291550230074,0.274957,107902,434789,1682680,5.137943638064966,5.141129674231711,5.1267919268966935,0.4135214461910417,0.4044112103580144,0.38821907294346,-0.008044259199946495,0.008044259199946495,0.007528639619027856,0.0,-0.8345880109527729,0.0899291550230074,0,1
460003,128.835,43.8555,0.15067,39.1687,0.134119,39.16239469709275,0.0063053029072506,0.134119,48361,193587,750463,4.789414371347861,4.789728560364481,4.77611999981057,0.15295655202648423,0.1696759933179989,0.17673593534147322,-0.009589861944292448,0.009589861944292448,0.007767796230368539,0.0,-0.8265773274450383,0.0063053029072506,0,0
460105,129.37,44.0453,0.21071,39.9632,0.223017,39.96571433587724,-0.0025143358772368,0.223017,48105,192274,753820,4.787109365576955,4.786772947332877,4.778058367867138,0.1512333005176457,0.16770164992783526,0.17790492586157797,-0.006528914755525327,0.006528914755525327,0.00513123818785067,0.0,-0.855670982551351,0.0025143358772368,0,0
490007,184.268,46.6275,0.05513,36.8676,0.194374,36.8456865921438,0.0219134078562035,0.194374,45628,188391,763767,4.764151069562071,4.7779125839919026,4.783751594526134,0.1340693876340468,0.16178294554751027,0.18133839556338258,0.014138790082236972,0.014138790082236972,0.010063580395732139,0.01960052496406295,-0.49295620758340297,0.0219134078562035,1,0
500301,215.548,52.6318,0.3255,41.2625,0.255286,41.0373746970852,0.2251253029148046,0.255286,43421,176646,708026,4.742619941643525,4.749956393506342,4.750839955429578,0.11797244369535285,0.1431082681424766,0.16149005253347595,0.005929486562588687,0.005929486562588687,0.0045124426912431384,0.00822001378605286,-0.7360528891224822,0.2251253029148046,1,0
510550,243.275,55.6117,0.24106,40.3291,0.130654,40.2935242729349,0.035575727065094,0.130654,50540,200173,803022,4.80855394921704,4.804257794905623,4.80551812039735,0.1672655428576184,0.17938149193155417,0.19446534651206546,-0.0021898875915771993,0.0021898875915771993,0.0022083786977125843,0.0,-0.8919303158776298,0.035575727065094,0,0
520071,215.504,53.6193,0.41152,41.8131,0.149106,41.630147425508014,0.1829525744919848,0.149106,42958,172714,714805,4.737964281932017,4.740180184238336,4.754978325245135,0.11449181352784393,0.13657778057771303,0.16398581956114683,0.012273037956652732,0.012273037956652732,0.009249980812132474,0.017014043313118066,-0.5454652455134503,0.1829525744919848,1,0
550137,334.754,0.0297,0.41931,41.4604,0.22264,41.67799547329698,-0.2175954732969813,0.22264,110283,450871,1745639,5.147422628211412,5.156903392944944,5.142744820860716,0.42060805928256273,0.4149480218237798,0.39783994022353353,-0.0033743247335419344,0.0033743247335419344,0.007213782468385195,0.0,-0.8562978996579341,0.2175954732969813,0,1
550154,36.3556,-3.5962,0.21003,40.1479,0.148877,39.95788024910866,0.1900197508913379,0.148877,108457,434265,1678323,5.140171710278791,5.14060595576916,5.125665940998066,0.4151871811981896,0.40406136750856564,0.38754001365087254,-0.010463700702790792,0.010463700702790792,0.008503038211251675,0.0,-0.8183783569347735,0.1900197508913379,0,1
560054,353.296,-0.3364,0.4798,41.8956,0.237796,42.02367916061191,-0.1280791606119038,0.237796,116552,465032,1731289,5.171433575097699,5.1703339000009425,5.139159956511247,0.4385589472901808,0.4239195727504466,0.3956779811331587,-0.02328049474310765,0.02328049474310765,0.0183239847134881,0.0,-0.7040122719252965,0.1280791606119038,0,1
560150,333.961,1.2276,0.19957,39.8965,0.17155,39.83431581805524,0.0621841819447652,0.17155,118861,448698,1640226,5.179953152158713,5.154805228942872,5.115694092577571,0.4449282910073956,0.4135464526113444,0.38152619381310793,-0.046353113294951384,0.046353113294951384,0.03238138809076357,0.0,-0.5202860467906867,0.0621841819447652,0,1
560152,334.8,1.1602,0.24851,40.3657,0.261564,40.3681352973562,-0.0024352973562002,0.261564,113622,441944,1646818,5.160376370449258,5.148218352123827,5.1174360049589,0.4302924410477788,0.40914643252399013,0.38257670589399273,-0.030974926173449983,0.030974926173449983,0.022133102264215075,0.0,-0.6481171824769526,0.0024352973562002,0,1
570056,37.0067,-3.495,0.28998,40.7298,0.234493,40.74913259073442,-0.0193325907344217,0.234493,108087,417245,1660811,5.138687599607804,5.123242309238925,5.121110610100841,0.41407764126326063,0.39246248755048835,0.38479278583892446,-0.012679117797726805,0.012679117797726805,0.009592112175482162,0.0,-0.8023316609289107,0.0193325907344217,0,0
580235,150.235,2.5796,0.33154,41.0301,0.218692,41.08347504960542,-0.053375049605421,0.218692,72532,265171,1004411,4.96544575909711,4.92637779150511,4.90270202869128,0.2845598470684277,0.26095739700263887,0.253074993486676,-0.04526003435168269,0.04526003435168269,0.03168496894382212,0.0,-0.5291763738169843,0.053375049605421,0,0
590005,151.018,1.2155,0.17137,39.5424,0.275502,39.46851993198311,0.0738800680168907,0.275502,61954,249280,1020318,4.8969864799477545,4.8995393054902925,4.909526109975507,0.23337882289173303,0.24302934387161237,0.2571904587114841,0.009045431027810746,0.009045431027810746,0.006626908571743272,0.012539630027752935,-0.643736846233061,0.0738800680168907,0,0
744,329.198,0.3175,0.12694,38.6849,0.280884,38.75879710381835,-0.0738971038183535,0.280884,110461,458415,1701786,5.148123020830382,5.164109894621317,5.131695337723261,0.42113168167546655,0.4197619500338705,0.39117622071166236,-0.011850068475969635,0.011850068475969635,0.01620777799274499,0.0,-0.7653805095870913,0.0738971038183535,0,1
762,15.5353,-0.879,0.19009,39.8807,0.15799,39.71702574182423,0.1636742581757673,0.15799,115652,454367,1782384,5.168067021339666,5.1602578648134285,5.151791654599097,0.4360420690609182,0.41718880209176973,0.40329590243942676,-0.011740195442633921,0.011740195442633921,0.008139893565894467,0.0,-0.81519160296843,0.1636742581757673,0,1
ASASSN-15fs,284.67,43.4689,0.0285,35.2391,0.185823,35.37228401351213,-0.1331840135121282,0.185823,96619,331300,1077904,5.089977151784329,5.023072874065661,4.933370622437305,0.3776610935185514,0.32554951209800836,0.2715706012906539,-0.11296773162989174,0.11296773162989174,0.07857934563057248,0.0,0.044486728440217393,0.1331840135121282,0,0
ASASSN-15nr,261.674,13.9098,0.02309,34.8331,0.263771,34.9067128201049,-0.0736128201048984,0.263771,110257,442626,1755480,5.147320229062209,5.148888029426174,5.1451862693293675,0.42053150438166137,0.40959377557644433,0.3993123283520455,-0.0015393265620134852,0.0015393265620134852,0.0018580818934654435,0.0,-0.8968289317392798,0.0736128201048984,0,1
ASASSN-15tg,5.171,25.229,0.03445,35.861,0.1686,35.7932381069475,0.0677618930524985,0.1686,55500,238318,964014,4.849210926811809,4.880008795192473,4.8848739275223805,0.19766121425651567,0.22998300339987127,0.24232322671705214,0.025725417134180615,0.025725417134180615,0.01933919952265539,0.0356630007105716,-0.14103712047255673,0.0677618930524985,0,0
ASASSN-16aj,65.4509,-15.7554,0.03053,35.4654,0.177866,35.52485286570077,-0.05945286570077,0.177866,72556,278484,1211705,4.9655894363686075,4.947651935100469,4.984187394367216,0.284667262016372,0.27516848090968593,0.3022171673270125,0.013415590887626639,0.013415590887626639,0.01826872453719111,0.018597957998608194,-0.4611956460211277,0.05945286570077,0,0
ASASSN-16av,177.868,22.0261,0.02676,35.3467,0.289875,35.23277472695856,0.1139252730414384,0.289875,63201,254317,1010409,4.9056409401950205,4.908227226860353,4.905287771746999,0.2398490069873792,0.24883285737213656,0.2546344027584701,-0.0002547571842794317,0.0002547571842794317,0.0016048885231989822,0.0,-0.9038196032446721,0.1139252730414384,0,0
ASASSN-16br,236.376,-13.1528,0.029,35.5064,0.190895,35.41082871127588,0.0955712887241162,0.190895,0,0,0,0.10491011863382857,-0.4971498726941338,-1.0992098640220962,-3.3492381598242233,-3.361947861798997,-3.3665565214419995,-0.8685889638065035,0.8685889638065035,0.6020599913279623,0.0,6.44743368343028,0.0955712887241162,1,0
ASASSN-16ct,228.476,4.7573,0.04252,36.2457,0.207056,36.2626488099897,-0.0169488099896994,0.207056,63959,266090,1071238,4.910818573708026,4.927880312956701,4.930676511386332,0.2437198713800506,0.2619610782236941,0.26994583747553336,0.014324474105386852,0.014324474105386852,0.010749103533807754,0.01985793767830568,-0.484032763720026,0.0169488099896994,0,0
ASASSN-16fo,203.149,-5.2725,0.02994,35.4803,0.173804,35.48156064914126,-0.0012606491412583,0.173804,70646,263110,1076510,4.954003843047584,4.9229891325159985,4.932808607866061,0.27600572570993487,0.2586937798088009,0.2712316616843604,-0.015289130343429099,0.015289130343429099,0.015851247899921456,0.0,-0.7529916065723249,0.0012606491412583,0,0
AT2017lm,45.3849,-15.016,0.03002,35.5542,0.216273,35.48747951914553,0.066720480854471,0.216273,84986,357363,1525985,5.034262617759315,5.0559609278850655,5.084340685225444,0.3360082022179224,0.3475186640063843,0.36261758879177525,0.03612368979534345,0.03612368979534345,0.025113210766958695,0.05007806746612875,0.15918997551779202,0.066720480854471,0,0
AT2017po,240.965,39.9901,0.03201,35.576,0.196814,35.62994434254625,-0.0539443425462522,0.196814,50627,204256,818124,4.8093008900633345,4.813027076276686,4.813609799872735,0.16782396529483629,0.18523935374442047,0.1993452745352279,0.003108221406829768,0.003108221406829768,0.002337760118557574,0.004308909809400241,-0.8212298407170264,0.0539443425462522,0,0
ATLAS16bwu,18.5927,-13.1531,0.07074,37.3712,0.228257,37.41018140171683,-0.0389814017168248,0.228257,109113,423796,1547359,5.142790595461138,5.13000800538131,5.090381501923416,0.4171450929305241,0.3969819585758689,0.3662606830068762,-0.037805169672178306,0.037805169672178306,0.027326322691051917,0.0,-0.5874176247798008,0.0389814017168248,0,0
ATLAS16cpu,227.956,46.251,0.01851,34.5716,0.239989,34.41940331720228,0.1521966827977152,0.239989,44986,178595,730668,4.757997151432942,4.754721855109339,4.764510817957671,0.12946864049703444,0.1462915866338856,0.16973467286904229,0.0046986171966152965,0.0046986171966152965,0.004982957810524573,0.006513666524728734,-0.7645333088634624,0.1521966827977152,1,0
ATLAS17bas,166.898,22.8514,0.02331,34.5715,0.261746,34.9276501703622,-0.3561501703621985,0.261746,66184,251240,1019519,4.925669691829144,4.902940640638513,4.9091858857629225,0.2548227553871934,0.24530142871350913,0.25698527637891616,-0.011890552633356798,0.011890552633356798,0.011742577209448164,0.0,-0.7925195152579153,0.3561501703621985,0,0
Gaia16aki,239.794,14.6416,0.07398,37.5535,0.176502,37.51215778881543,0.0413422111845704,0.176502,66069,259786,1086397,4.924914425442147,4.917467542058565,4.936779093402398,0.2542581086702971,0.25500536880700386,0.273626181103138,0.008558548814024616,0.008558548814024616,0.00973963066754565,0.011864667960251651,-0.6371025482566596,0.0413422111845704,0,0
PS15ahs,269.874,43.3901,0.02522,35.1974,0.185937,35.10166023631452,0.0957397636854793,0.185937,66176,257944,1039246,4.925617194044894,4.914377241242446,4.917508915477709,0.25478350737876665,0.252941054255443,0.2620047270462786,-0.005848886639511628,0.005848886639511628,0.005800691105953705,0.0,-0.854457338168,0.0957397636854793,0,0
PS15asb,215.085,-9.3009,0.04952,36.4714,0.18553,36.60421277587589,-0.132812775875891,0.18553,3986,67852,397688,3.705556354296223,4.334419181286043,4.500333714629539,-0.6573494293409237,-0.13446972990447664,0.010414811827766539,0.5733106781818478,0.5733106781818478,0.4192586989840146,0.7947773603333159,16.255542265331087,0.132812775875891,1,0
PS15bsq,355.467,-8.6379,0.03309,35.7797,0.159699,35.70367286331549,0.0760271366845088,0.159699,67938,263898,1019354,4.93702926879695,4.924287871844579,4.909115593479511,0.26331531900530963,0.25956133499329587,0.256942884526313,-0.02013546047672707,0.02013546047672707,0.013974467770499753,0.0,-0.7439391349402652,0.0760271366845088,0,0
PS15cku,21.0939,3.5876,0.02222,35.0537,0.229702,34.82194542409553,0.2317545759044676,0.229702,108741,414552,1627902,5.141307434985525,5.120430189661626,5.112418659491901,0.4160362633736916,0.39058399749092265,0.3795508464514906,-0.020838846571003145,0.020838846571003145,0.014914228874331806,0.0,-0.7352113845986631,0.2317545759044676,0,0
PS16ayd,216.826,-1.6753,0.05485,36.8581,0.149593,36.83421035945601,0.0238896405439916,0.149593,72569,283016,1122043,4.965667241715371,4.954662650407719,4.950800023720264,0.2847254302790716,0.27985162423026994,0.28208192023332745,-0.010724430836678043,0.010724430836678043,0.007714219399795963,0.0,-0.8220984305726746,0.0238896405439916,0,0
PS16dnp,344.915,2.1498,0.04998,36.8583,0.163226,36.62498532069562,0.2333146793043781,0.163226,83942,325128,1306211,5.028894604836008,5.014905835584741,5.01680380522797,0.3319950077668214,0.32009394728976115,0.32188746418671454,-0.00872166831744944,0.00872166831744944,0.0075880980169996245,0.0,-0.831354508973149,0.2333146793043781,0,0
PS17bii,171.409,7.3336,0.07467,37.4501,0.192118,37.53332131387807,-0.0832213138780701,0.192118,59814,244083,962976,4.881720225704841,4.890389439130045,4.884406050420849,0.22196557786194707,0.23691725207337375,0.24204105951231983,0.0019374129992408597,0.0019374129992408597,0.004437902212047768,0.0026858247160079785,-0.8382128273129311,0.0832213138780701,0,0
PSNJ1602512,240.714,47.2248,0.02039,34.556,0.333904,34.63242787128218,-0.0764278712821848,0.333904,47787,197686,796771,4.784228973654739,4.798828238127394,4.802124199773118,0.14907988303441888,0.1757545592370543,0.19241854171548878,0.012908676988286271,0.012908676988286271,0.009524013545949145,0.017895226118379348,-0.5275953265092881,0.0764278712821848,0,0
SCP05D0,35.4253,-3.3648,1.01236,44.1177,0.367085,43.98437482555363,0.1333251744463695,0.367085,107666,429131,1735799,5.136992730808147,5.135441028007842,5.140289820009531,0.4128105358819382,0.4006112064498648,0.39635937892757134,0.002378347120102582,0.002378347120102582,0.002476198789071335,0.0032970892013839403,-0.8389777436822368,0.1333251744463695,0,1
SN2016ajf,49.9771,41.565,0.01978,34.7627,0.339971,34.56551026667485,0.1971897333251533,0.339971,0,0,0,0.10491011863382857,-0.4971498726941338,-1.0992098640220962,-3.3492381598242233,-3.361947861798997,-3.3665565214419995,-0.8685889638065035,0.8685889638065035,0.6020599913279623,0.0,6.44743368343028,0.1971897333251533,1,0
SN2016glp,354.058,23.696,0.08366,37.9686,0.221594,37.7931733593061,0.1754266406938995,0.221594,63292,251862,1019647,4.906265799749484,4.904014499345165,4.909240407699081,0.24031615990457916,0.2460187641078175,0.2570181574544639,0.002145726068736502,0.002145726068736502,0.0026212835306334377,0.002974607949597363,-0.8440167297067322,0.1754266406938995,0,0
SN2017jl,14.3829,30.1852,0.01529,33.7706,0.30219,33.99930114641883,-0.2287011464188282,0.30219,56464,235875,955664,4.856689451110409,4.875533881681021,4.88109581680176,0.2032522537428881,0.22699377043249158,0.2400447246537594,0.017605471374517245,0.017605471374517245,0.012791392757618245,0.024406365691350906,-0.3879532087892036,0.2287011464188282,0,0
carter,150.061,2.1924,1.54295,45.0902,0.371014,45.10435113174808,-0.014151131748072,0.371014,72325,269801,1011069,4.964204565675309,4.933895292010708,4.905571360373393,0.28363191514570635,0.2659790717872176,0.2548054293159601,-0.04229491726024955,0.04229491726024955,0.029322204150460367,0.0,-0.5561894435529482,0.014151131748072,0,0
iPTF17dz,126.107,24.9978,0.09284,38.2226,0.493293,38.032352010055774,0.1902479899442255,0.493293,64374,255800,1027855,4.913627360683076,4.9107523652344005,4.9127224113512415,0.24581975609784917,0.25051964458167314,0.259118083341373,-0.0006527829566468619,0.0006527829566468619,0.0014700121215812509,0.0,-0.9029583161295192,0.1902479899442255,0,0
